orig.ident,nCount_RNA,nFeature_RNA,RNA_snn_res.0.5,seurat_clusters,
AAAAAACACCAACATG,TO_1,11353,2358,2,2
AAAAAACGAATCATCA,TO_1,7153,1963,1,1
AAAAAAGAAGCCAACA,TO_1,12273,3194,1,1
AAAAAATCAACAAGCC,TO_1,11539,2832,0,0
AAAAACATCAGAAGTT,TO_1,14772,2835,5,5
AAAAACCAAATTCCCC,TO_1,12417,2615,2,2
AAAAACCAACCGATTT,TO_1,10906,2313,0,0
AAAAACGACACAAGAT,TO_1,12445,3508,3,3
AAAAACTCATTCCAAT,TO_1,12055,2628,0,0
AAAAAGAACCCTACCG,TO_1,14981,2875,0,0
AAAAAGCACACTCCCG,TO_1,17086,3475,0,0
AAAAAGGTATAGCCCT,TO_1,15918,3903,3,3
AAAAATAGCCTCAGGC,TO_1,11918,2679,0,0
AAAAATGAATCTATAC,TO_1,14222,2924,0,0
AAAAATGACATACCCT,TO_1,14372,3376,3,3
AAAAATTAAGCTAGGT,TO_1,9717,2280,0,0
AAAACACAAGTAATGA,TO_1,28172,4973,3,3
AAAACACGACCGATAT,TO_1,11211,2623,5,5
AAAACCCCAATACCTG,TO_1,20108,4124,5,5
AAAACCCTAAGGAGGT,TO_1,22953,4649,4,4
AAAACCCTATAAATCC,TO_1,10809,2276,5,5
AAAACCGAACAGATGT,TO_1,11946,3074,1,1
AAAACCGAAGAACATT,TO_1,11862,2730,5,5
AAAACCGCAGTTCAGC,TO_1,14778,3223,1,1
AAAACCTGAAACACCT,TO_1,8772,2341,1,1
AAAACCTGCCATAAAA,TO_1,11878,2689,1,1
AAAACCTTATGGATGT,TO_1,17464,3428,1,1
AAACAACACAATCAGT,TO_1,11243,2477,7,7
AAACAAGCCCTCCACC,TO_1,8317,2599,6,6
AAACAAGGAGCAACCA,TO_1,8726,2534,4,4
AAACAATAATAAAGTG,TO_1,6756,2048,2,2
AAACAATACAAGACTG,TO_1,10385,2705,6,6
AAACAATACCGCAAAC,TO_1,8933,2049,6,6
AAACAATTCCTAATAC,TO_1,7571,2011,5,5
AAACACACAACAATAC,TO_1,8329,2274,0,0
AAACACGAAAGTATTA,TO_1,8704,2110,2,2
AAACACGTACCGCCTC,TO_1,7261,1926,6,6
AAACACTAAAGAAGAA,TO_1,8426,2283,3,3
AAACACTTCAGAACCC,TO_1,6353,2104,1,1
AAACAGCCAAAAATTG,TO_1,11808,2601,2,2
AAACAGGACACACATG,TO_1,8623,2325,3,3
AAACAGGCATGTAATT,TO_1,10960,2723,1,1
AAACAGGTCCATCCGA,TO_1,9446,2324,6,6
AAACATATACTTCAGC,TO_1,6198,1625,0,0
AAACATCAAGTTCAAC,TO_1,12918,2739,2,2
AAACATTAAACTCACA,TO_1,13542,3351,7,7
AAACATTTACCCAGCT,TO_1,8934,2505,4,4
AAACCAAGACCGAACG,TO_1,7607,2051,7,7
AAACCAAGAGCAAGAG,TO_1,7090,2070,1,1
AAACCACAACGACCCC,TO_1,7620,2060,7,7
AAACCACCAGAGCCCA,TO_1,9918,2533,3,3
AAACCCCTACGGAAGT,TO_1,9902,2889,4,4
AAAGAACACACCCAAC,TO_1,8896,2043,0,0
AAAGAACCAATCAAGT,TO_1,6196,1986,5,5
AAAGAACTACCGAGTC,TO_1,9792,2531,3,3
AAAGAAGAAATAATCT,TO_1,6521,2129,3,3
AAAGAAGCAATGCATT,TO_1,12059,2625,5,5
AAAGAAGCAGACAAGG,TO_1,7769,2432,3,3
AAAGAAGCCAAGATCA,TO_1,10081,2439,2,2
AAAGAATACCCTAAAA,TO_1,6208,1761,2,2
AAAGAATGACAGACTA,TO_1,16908,3492,2,2
AAAGAATGCAAGCACA,TO_1,9051,2400,0,0
AAAGACACACGCATCC,TO_1,7955,2126,6,6
AAAGACCCCATACAAG,TO_1,10964,2573,5,5
AAAGACCGATTGAGAA,TO_1,10861,2725,6,6
AAAGACGCACTTCCCC,TO_1,7703,2182,1,1
AAAGACGTACTGCAAA,TO_1,9326,2266,4,4
AAAGACTCAGAAAGGT,TO_1,8489,2124,7,7
AAAGAGATCCCTAAGA,TO_1,12033,2699,6,6
AAAGAGCGAGTAACCT,TO_1,6156,1905,2,2
AAAGAGGGATGACCCG,TO_1,11866,2943,5,5
AAAGAGGTAACAACAC,TO_1,10104,2719,3,3
AAAGAGTTAGCTCCCG,TO_1,12127,2717,2,2
AAAGATTTAAGAAGCG,TO_1,17739,3406,7,7
AAAGCACCCCGAATAA,TO_1,11603,2990,3,3
AAAGCAGCCAGCAGGT,TO_1,6624,2041,1,1
AAAGCAGGATCAAATT,TO_1,6273,1933,1,1
AAAGCATAAGGGCAAA,TO_1,15497,3276,6,6
AAATAAATCCATCAGT,TO_1,10039,2754,6,6
AAATAAGCATGCATAC,TO_1,7062,2237,3,3
AAATAATCAGAGAGCA,TO_1,12693,3077,7,7
AAATAATTATAACCAT,TO_1,12821,2653,0,0
AAATAATTATATACTA,TO_1,7757,2316,3,3
AAATACAAATCTCCAA,TO_1,7965,2101,2,2
AAATACAACAATAGCT,TO_1,8709,2562,1,1
AAATACAGACTAAAAT,TO_1,10773,2657,6,6
AAATACCTAGTGAGTC,TO_1,10577,2445,5,5
AAATACTCAGAGCCAT,TO_1,7374,2240,3,3
AAATACTGACTTAAAC,TO_1,10651,2409,5,5
AAATAGAGATTTCATT,TO_1,15490,2836,0,0
AAATAGCAAACACAAT,TO_1,7653,2088,7,7
AAATAGCGCCCAAAAC,TO_1,11273,3049,4,4
AAATAGTAACGGAATT,TO_1,9555,2695,4,4
AAATAGTACATACCAG,TO_1,13679,3150,3,3
AAATATACCCTTCCGC,TO_1,10376,3038,4,4
AAATATAGATGACAGA,TO_1,9008,2398,1,1
AAATATATCATGATCA,TO_1,6666,2024,5,5
AAATATCAAACTATTC,TO_1,18854,3734,4,4
AAATATCGACCCAAAT,TO_1,12823,2848,5,5
AAATATCTACCCATTA,TO_1,9588,2476,3,3
AAATATGTCATCAAAG,TO_1,8690,2042,1,1
AAATATTGCCGTATCA,TO_1,6337,1996,5,5
AAATCACACAAGAGAC,TO_1,13642,3004,1,1
AAATCCGCATGCCAAG,TO_1,9704,2391,0,0
AAATCCTTACCTCATT,TO_1,6688,2070,1,1
AACAAACTCCGAACTA,TO_1,13599,2937,5,5
AACAAAGCAACAATGG,TO_1,8980,2463,2,2
AACAAAGGACCGCCCT,TO_1,22873,3962,6,6
AACAAATAAGGAACTC,TO_1,9319,2750,5,5
AACAAATACATAATTT,TO_1,9040,2189,1,1
AACAAATTCATACCGC,TO_1,8388,2204,2,2
AACAACCACCATAAGC,TO_1,12677,2741,0,0
AACAACCGAATGATGG,TO_1,17228,3367,2,2
AACAACGAAAGGATGG,TO_1,8785,2621,1,1
AACAACGAAGGTATAT,TO_1,6146,1789,2,2
AACAACTCAAGTAAAT,TO_1,9263,2723,3,3
AACAACTCACTTAAGA,TO_1,10143,2681,3,3
AACAACTTCCCAACAT,TO_1,8052,2100,0,0
AACAAGGAATATACCA,TO_1,7718,2009,5,5
AACAAGGCACACAATT,TO_1,14677,3299,3,3
AACAAGTCATAGCCGG,TO_1,18097,3307,4,4
AACAAGTGATGGACCC,TO_1,8477,2230,5,5
AACAATGACACCAAGG,TO_1,16892,3067,5,5
AACAATTTAAACAACG,TO_1,9606,2422,7,7
AACACAAAATCTCCGA,TO_1,17023,3382,5,5
AACACACACCCTAAAA,TO_1,7924,1923,0,0
AACACAGAACCTCCTC,TO_1,14478,3228,6,6
AACACAGTAGGACCTA,TO_1,10289,2887,1,1
AACACCCCCAAGATAT,TO_1,9553,2571,6,6
AACACCGGAAAACATG,TO_1,11935,2866,6,6
AACACCGGAAATACGC,TO_1,14061,2908,0,0
AACACCGGCACAAAAT,TO_1,7015,1897,0,0
AACCAAACATCTCACT,TO_1,10324,2664,3,3
AACCAAACATGTACGG,TO_1,12090,2822,4,4
AACCAAACCACGAATC,TO_1,9741,2274,0,0
AACCAACAATTGCAAC,TO_1,10938,2814,6,6
AACCAAGAAATCAGAC,TO_1,13432,3411,4,4
AACCAAGGACAAATCC,TO_1,7151,2051,0,0
AACCAATCATAGAATT,TO_1,10896,2959,6,6
AACCACCAAAAAAGTA,TO_1,6298,1838,6,6
AACCACCACAGGCCGT,TO_1,10820,2479,2,2
AACCACTAAGACATGC,TO_1,10552,2804,7,7
AACCACTACAACCAAG,TO_1,8125,2333,5,5
AACCAGAAACGAACTG,TO_1,7642,1883,1,1
AACCAGGCCCTTCCTC,TO_1,10380,2661,1,1
AACCAGTAATTGACCT,TO_1,9726,2604,7,7
AACCATACAATAATAG,TO_1,11021,3133,4,4
AACCATATACTGATCT,TO_1,13597,2897,2,2
AACCATCCCAGGACGG,TO_1,6396,1922,5,5
AACCATCTACGAATTG,TO_1,7012,1995,4,4
AACCATGTCCGGACAC,TO_1,13432,2780,1,1
AACCCAATATGTCCAG,TO_1,9471,2887,6,6
AACCCACAAACGAGGA,TO_1,8690,2236,2,2
AACCCACTCAAGAGGG,TO_1,12556,2871,5,5
AACCCAGGCAGTACCA,TO_1,13873,3238,6,6
AACCCAGTCACTACCA,TO_1,9800,3006,4,4
AACCCAGTCCCACCCA,TO_1,8409,2129,0,0
AACCCCGCAGCGACTT,TO_1,21144,3520,2,2
AACCCCGGACGTATTG,TO_1,14342,3648,3,3
AACCCCGGAGCCCAAG,TO_1,10438,2546,3,3
AACGAAACATGGATCT,TO_1,9621,2444,3,3
AACGAACAATATACAT,TO_1,9043,2554,3,3
AACGAAGACACAAGTT,TO_1,10990,3037,4,4
AACGAAGACCTGAACT,TO_1,8911,2675,6,6
AACGAAGGCCAGCAGC,TO_1,9288,2234,0,0
AACGAAGTAACGAACT,TO_1,6741,2015,3,3
AACGACCTACCACCTG,TO_1,7127,1722,1,1
AACGACTAACATAAAT,TO_1,9415,2598,0,0
AACGACTCCCTGAACT,TO_1,12388,2614,0,0
AACGACTGAGTCAACG,TO_1,8845,2130,2,2
AACGAGGCACGGAGCA,TO_1,8758,2320,3,3
AACGAGTACATCAGGT,TO_1,24591,4289,4,4
AACGAGTGATTGCAAA,TO_1,8449,2125,0,0
AACGAGTTACTACCCC,TO_1,9563,2480,0,0
AACGAGTTAGCCAGTA,TO_1,9702,2490,4,4
AACGAGTTAGCGAAAT,TO_1,9280,2412,1,1
AACGATACAACTATTT,TO_1,10651,3025,3,3
AACGATAGAAGTCACG,TO_1,13185,3130,1,1
AACGATGCAAGAACTC,TO_1,8834,2299,0,0
AACGATGGCCAGCCTA,TO_1,6137,1765,2,2
AACGATGTCATCAAGC,TO_1,13338,3183,4,4
AACGCAGAATACCAGA,TO_1,8610,2350,0,0
AACGCAGTAGACATAA,TO_1,12999,3026,5,5
AACGCATTAGAGCCCT,TO_1,14241,2747,2,2
AACGCCATACACAATC,TO_1,11517,2701,5,5
AACGCCTCCAAACAGC,TO_1,10023,2315,2,2
AACTAAAGCCTTACGG,TO_1,14722,3229,6,6
AACTAAGTATAACATG,TO_1,7343,2144,2,2
AACTAAGTCCGCCCTC,TO_1,9488,2592,4,4
AACTACCAAACACCGG,TO_1,15304,4107,3,3
AACTACCAATCTAGCC,TO_1,14013,3261,1,1
AACTACCCAAGGAATT,TO_1,8306,2295,4,4
AACTACCCCCCCACTG,TO_1,7629,2108,1,1
AACTAGACACCTAGGC,TO_1,7920,2219,1,1
AACTAGCCAGTTATTG,TO_1,7232,1800,0,0
AACTAGGACACGAAAA,TO_1,10296,2257,0,0
AACTATATAATCCAAC,TO_1,16427,3467,0,0
AACTATATATCTATGT,TO_1,8729,2240,0,0
AACTATCCCCACAGAC,TO_1,6504,1958,7,7
AACTATCTATCAAAAC,TO_1,8984,2397,5,5
AACTATCTCATCACGT,TO_1,9026,2196,2,2
AACTCAAAACATACGT,TO_1,9741,2277,2,2
AACTCACCCCTGATGT,TO_1,8482,2201,0,0
AACTCACGCCGCCCGC,TO_1,7876,1954,0,0
AACTCCAAATTCATTC,TO_1,8222,2565,7,7
AACTCCCAAGCGCAGT,TO_1,10323,2216,0,0
AACTCCGCAAAGCAAG,TO_1,6710,1858,1,1
AACTCCGTAACGCCGT,TO_1,7833,2046,6,6
AACTCCTACCTTACTA,TO_1,6946,2112,4,4
AAGAAAATCAACATTT,TO_1,7970,3045,5,5
AAGAAAGCAATCAAGG,TO_1,11691,2752,4,4
AAGAAAGTCAAGCATA,TO_1,13975,2610,0,0
AAGAACTGCCAGAGCC,TO_1,14167,3524,6,6
AAGAACTTCAGGACCA,TO_1,11298,2839,3,3
AAGAAGGAATGTACTG,TO_1,9774,2229,0,0
AAGAATACCCTGATCA,TO_1,8506,2093,2,2
AAGAATAGCCTTAATG,TO_1,6969,2264,4,4
AAGAATATAACGACAT,TO_1,9628,2587,5,5
AAGAATGAAGCCATCC,TO_1,6312,2081,1,1
AAGAATGAATTGACTG,TO_1,9656,2417,2,2
AAGACAAAATGACACT,TO_1,15608,3590,3,3
AAGACAGAACAAAGGC,TO_1,6992,1832,7,7
AAGACAGTCACACCTT,TO_1,8536,2003,1,1
AAGACATGCATTATCT,TO_1,7628,2122,0,0
AAGACATTCAAGAAGT,TO_1,7451,2011,1,1
AAGACCACACTCACAT,TO_1,8778,2112,5,5
AAGACCCGCATTAACT,TO_1,7761,2107,1,1
AAGACCTGCCCGATCA,TO_1,11710,2692,7,7
AAGCAAACACCGCAGT,TO_1,12851,3518,5,5
AAGCAAAGACATACAC,TO_1,13788,3930,5,5
AAGCAAAGAGTTAGAT,TO_1,15547,3013,4,4
AAGCAAATCATTCCAA,TO_1,8535,2177,1,1
AAGCAACTCCCCAATC,TO_1,6961,2014,7,7
AAGCAAGGAGAGCCGA,TO_1,10498,2330,2,2
AAGCAATAAAACAAGC,TO_1,10050,2120,2,2
AAGCAATAAATAATGA,TO_1,9709,2596,3,3
AAGCAATAAGTCAAAG,TO_1,25910,4434,4,4
AAGCACGCACGCCAAA,TO_1,12759,2668,0,0
AAGCACTCCCTACCCA,TO_1,20771,3992,5,5
AAGCAGAGACCTATAA,TO_1,11853,3519,4,4
AAGCAGATACCCAAAA,TO_1,18541,4400,1,1
AAGCAGCAATAAAGTT,TO_1,6091,1646,0,0
AAGCAGTAACGCAGAG,TO_1,7622,2076,1,1
AAGCATAAACGCCATA,TO_1,8568,2280,7,7
AAGCATAAACTCACCA,TO_1,7437,1990,2,2
AAGCATGCAGCGAAGA,TO_1,14724,2809,5,5
AAGCATGTCAGTACTA,TO_1,15335,3453,3,3
AAGCATTGAGATATCG,TO_1,15886,3701,3,3
AAGCCAAAAACTACGC,TO_1,6557,2018,1,1
AAGCCAAAAAGTCCAT,TO_1,11700,3121,3,3
AAGCCAACACCCATGT,TO_1,7398,2126,7,7
AAGCCACAAACCAAGA,TO_1,22900,3827,1,1
AAGCCACGACGCCACC,TO_1,14688,3095,5,5
AAGCCAGTCCCACAAC,TO_1,9704,2766,1,1
AAGCCATAACTAAAGG,TO_1,11396,2608,2,2
AAGCCATCACAAATAG,TO_1,9774,2596,1,1
AAGCCATGATAGCAAA,TO_1,15598,3076,0,0
AAGCCCCAATATACGG,TO_1,21600,3740,2,2
AAGCCCGCAGAACCGG,TO_1,8748,2447,1,1
AAGCCCTAAGTCACCG,TO_1,17633,3793,3,3
AAGCCCTCCCAACCCG,TO_1,16605,3655,6,6
AAGCCCTTCCGAAACT,TO_1,7120,2154,5,5
AAGGAAGGAGAGAGCG,TO_1,6638,1716,1,1
AAGGACCACCTGATAT,TO_1,9077,2533,4,4
AAGGACCTATTACCAC,TO_1,10031,2474,5,5
AAGGACCTCACACCCC,TO_1,8195,2320,5,5
AAGGACCTCCTCAGTG,TO_1,7077,2205,5,5
AAGGACGGCAACAGCA,TO_1,10881,2428,1,1
AAGGACTGCCTACAAT,TO_1,7229,1849,1,1
AAGGACTTAGTTATAC,TO_1,12533,3038,4,4
AAGGAGACACACCCTT,TO_1,7402,2057,0,0
AAGGAGGCCACTCATA,TO_1,10566,2508,3,3
AAGGAGGTCCCAAATT,TO_1,9950,2717,3,3
AAGGAGTAAATGAAGG,TO_1,18503,3652,4,4
AAGGATACCACAACCG,TO_1,8584,2009,5,5
AAGGATCACCACCCAC,TO_1,14501,3534,3,3
AAGGATCCAAGTCCTT,TO_1,10030,2313,0,0
AAGGATGCACGAACCC,TO_1,6625,2041,3,3
AAGGATTGAACCAGGG,TO_1,6643,1940,7,7
AAGGATTGACCAATGA,TO_1,12774,3259,5,5
AAGGCAACCAGACACC,TO_1,11568,2802,2,2
AAGGCACAATTGAAGC,TO_1,7338,2001,0,0
AAGGCAGACATGAGCC,TO_1,13341,4026,3,3
AAGGCAGCAGGGAGTC,TO_1,7086,2065,2,2
AAGGCAGTACGGCCTA,TO_1,8755,2737,3,3
AAGGCAGTAGAGAAGG,TO_1,6329,1659,2,2
AAGGCCAGAAGCATCG,TO_1,9845,2583,1,1
AAGGCCCGAAGTCCTA,TO_1,7536,1902,0,0
AAGGCCCGCCACCCGT,TO_1,6766,1840,2,2
AAGGCCCTCAGGAATA,TO_1,6597,1786,0,0
AAGGCCGCAGCAAGCA,TO_1,12379,2704,0,0
AAGGCCTTAGTCAGGT,TO_1,11793,2625,5,5
AAGTAAAGCATCATCC,TO_1,11614,2314,2,2
AAGTAAATAAATCCCT,TO_1,8035,2280,6,6
AAGTAACACAATAGCC,TO_1,17908,4019,5,5
AAGTAACACCCAAACT,TO_1,19280,3574,0,0
AAGTAACGACTGAGGT,TO_1,16234,3503,4,4
AAGTAACGAGCCAAGT,TO_1,7668,2248,1,1
AAGTAACGAGCCCAAT,TO_1,9562,2803,4,4
AAGTAACTCAACCCTG,TO_1,7709,2056,0,0
AAGTAAGCAAGGATTG,TO_1,14223,2731,0,0
AAGTAAGCACTGATAT,TO_1,12397,2862,4,4
AAGTAAGCCAACAGAG,TO_1,12553,2759,5,5
AAGTAATGACACAAAT,TO_1,15500,3258,0,0
AAGTAATTCATAAAAG,TO_1,7504,2268,5,5
AAGTAATTCCATAACC,TO_1,7052,2065,1,1
AAGTAATTCCGGAAGG,TO_1,8828,1925,0,0
AAGTACCCATACATTC,TO_1,13829,3598,4,4
AAGTACCTACACACTC,TO_1,9869,2156,7,7
AAGTACCTATCCCAAC,TO_1,14021,3022,6,6
AAGTACGACATGACCA,TO_1,14063,3197,5,5
AAGTACGCATACAACT,TO_1,8710,2137,0,0
AAGTACGCCCCCAGCA,TO_1,8055,2238,1,1
AAGTACGGACCTAGTC,TO_1,13007,4262,1,1
AAGTAGAACAACCAGA,TO_1,15125,2960,6,6
AAGTAGCAAGTTAACC,TO_1,7540,2161,5,5
AAGTAGGAATGTATTC,TO_1,15066,2989,3,3
AAGTAGGCAGGTCCTC,TO_1,12532,3155,1,1
AAGTATAAATTGCCTA,TO_1,10333,3006,7,7
AAGTATACCACCCCTG,TO_1,8013,2190,0,0
AAGTATCGAACGCCAA,TO_1,11334,2587,3,3
AAGTATCGCCGCCCTT,TO_1,13631,2941,2,2
AAGTATGAATATAGTC,TO_1,9100,2934,3,3
AAGTATGTAGCAAACA,TO_1,8432,2531,1,1
AAGTCAAACACGCAGG,TO_1,11636,2895,1,1
AAGTCAACACTGCCAG,TO_1,7023,1834,1,1
AAGTCAAGACAACCGG,TO_1,13683,2685,2,2
AAGTCACAAAGAAACG,TO_1,33227,5214,3,3
AAGTCACGACACCCGT,TO_1,10655,2838,4,4
AAGTCACGCACGACAG,TO_1,12347,2761,2,2
AAGTCATCAATCAACC,TO_1,9856,2684,2,2
AAGTCCACAACCCCTT,TO_1,10429,2531,0,0
AAGTCCGAACGGAGCT,TO_1,7303,1964,3,3
AAGTCCGCATGGATAC,TO_1,20200,3887,1,1
AAGTCCGGAAGCATGT,TO_1,10638,2490,0,0
AAGTCCGTATTTCAGC,TO_1,12955,2668,0,0
AAGTCCTGAAACCCTC,TO_1,8586,2581,2,2
AAGTCCTTATTTATTC,TO_1,12564,2787,4,4
AATAAAAAATGTAGGG,TO_1,6581,2278,3,3
AATAAAAGATGAAGTG,TO_1,12275,3027,3,3
AATAAACGCCAGATTC,TO_1,8022,2043,7,7
AATAAACTCCCCACGA,TO_1,8599,2272,7,7
AATAAAGGACGCATCT,TO_1,7294,1847,2,2
AATAAATACATCAGTG,TO_1,8373,2303,1,1
AATAAATGAGACACCT,TO_1,9044,2192,2,2
AATAACAAACGTCCGT,TO_1,14189,3259,4,4
AATAACACATAAAGGG,TO_1,9465,2476,1,1
AATAACAGACACCCTG,TO_1,9542,2693,3,3
AATAACCCACAGAAGT,TO_1,13206,2829,4,4
AATAACCCACGGAAAA,TO_1,22662,4595,6,6
AATAAGCTAGGACCGG,TO_1,16668,2895,0,0
AATAAGCTATGTCCGG,TO_1,8578,2216,1,1
AATAAGGCAAAACATC,TO_1,11151,3046,6,6
AATAAGGCAATAAGGC,TO_1,7077,1741,0,0
AATAAGGTAACTACCT,TO_1,16287,3082,2,2
AATAAGTCAGATACTC,TO_1,10329,2543,1,1
AATAAGTTAGGTCCAT,TO_1,9216,2730,1,1
AATAAGTTATATAGCA,TO_1,12484,2895,7,7
AATAATAAAAAAATAC,TO_1,7519,2263,6,6
AATAATAGAGAGAAGC,TO_1,10965,2678,2,2
AATAATTACCTTACTA,TO_1,15518,3229,2,2
AATAATTCAACACACT,TO_1,30724,4681,1,1
AATAATTCATGACAAG,TO_1,14667,2871,5,5
AATACAAAACTTAATC,TO_1,12152,2873,0,0
AATACAACACGTACAA,TO_1,14090,3103,0,0
AATACACCAGAAAACA,TO_1,10456,2457,2,2
AATACACGAGGGATGA,TO_1,8751,1985,0,0
AATACAGGATAAATTG,TO_1,7780,2040,3,3
AATACATAAGCACAAG,TO_1,11947,2763,4,4
AATACCACCAGAAAGC,TO_1,17428,3763,6,6
AATACCATACCCCCCC,TO_1,9950,2434,2,2
AATACCGCAATCCACA,TO_1,10445,2385,7,7
AATACCTTATACAAAA,TO_1,7863,2065,0,0
AATCAACCAAGAACTC,TO_1,15629,3324,1,1
AATCAACCATCAACCG,TO_1,11556,2920,3,3
AATCAAGAAATTACTA,TO_1,12341,3076,7,7
AATCAAGACCCTATCG,TO_1,7877,2173,5,5
AATCAATGATGTACAG,TO_1,6801,2087,4,4
AATCACCCCCCTATTC,TO_1,11775,2622,3,3
AATCACCGCAGCCAGG,TO_1,13419,3140,1,1
AATCACGCCAATATTA,TO_1,21475,3804,6,6
AATCAGGACCACCCTG,TO_1,10579,2498,5,5
AATCAGGGAATTACTA,TO_1,9873,2773,7,7
AATCAGGTAGATACAC,TO_1,10865,2398,1,1
AATCAGTAAAGGCCTT,TO_1,31568,4998,3,3
AATCAGTGAGCACCGA,TO_1,19577,3385,0,0
AATCATGAACTGCAAG,TO_1,12775,2701,0,0
AATCCAACACACCAAA,TO_1,12210,2919,1,1
AATCCAGAACAACAGA,TO_1,11876,2929,7,7
AATCCATCATTTCATA,TO_1,11745,2699,4,4
AATCCCAGAGCGCACC,TO_1,17377,3450,2,2
AATCCCATCCTTCACC,TO_1,20162,3938,2,2
AATCCCGGAATACCTC,TO_1,7730,1978,0,0
AATCCCTGCCAAAGTG,TO_1,11166,2976,4,4
AATGAAAGATCTAATC,TO_1,12088,2942,3,3
AATGAAGCCCTAAGGT,TO_1,7548,2476,3,3
AATGACAAACCCAACC,TO_1,8956,2316,3,3
AATGACTCACATCCAG,TO_1,7799,2053,6,6
AATGAGAAATCACAGG,TO_1,13713,3117,4,4
AATGAGATATCCATGA,TO_1,8229,2223,0,0
AATGAGTAACCCACGG,TO_1,10162,2670,3,3
AATGATGCACGACACG,TO_1,9289,2448,7,7
AATGATGCCCTTCACA,TO_1,7862,2668,1,1
AATGCAACACTCCCTG,TO_1,8510,2240,1,1
AATGCACCACGTAGTG,TO_1,8809,2423,3,3
AATGCACCATTCAACA,TO_1,8880,2337,1,1
AATGCATACCCGACTG,TO_1,9624,2873,3,3
AATGCCAGCCGCAATG,TO_1,9670,2551,4,4
AATGCCCGAATGCAGG,TO_1,6451,1879,0,0
AATGCCCTCCCGACCA,TO_1,14742,3566,3,3
AATGCCTGACGCAGAT,TO_1,11317,2849,5,5
AATGCCTGATTTCAGA,TO_1,6720,1898,0,0
AATTACAGACTCACAG,TO_1,10087,2437,1,1
AATTACCCAATTCCAG,TO_1,11181,2860,3,3
AATTACGCAACCAGGG,TO_1,9508,2470,1,1
AATTAGCGACGGAAGG,TO_1,8406,2253,4,4
AATTAGTAACAAAGAT,TO_1,10100,2574,0,0
AATTATAAACTGATGG,TO_1,8455,1965,0,0
AATTATAGCAGTATGG,TO_1,13217,3335,1,1
AATTCAAACAGAAAGT,TO_1,7478,1931,1,1
AATTCAGAAAGTAGCC,TO_1,8172,2161,2,2
AATTCAGGCACACCTA,TO_1,14696,3549,4,4
AATTCATGATTAAAAG,TO_1,14817,3208,6,6
AATTCATTCCATATCA,TO_1,20069,4406,3,3
AATTCCCACAGAACCT,TO_1,6467,1999,2,2
AATTCCCTATAACCTT,TO_1,12744,2523,2,2
AATTCCGCAGGGAGAC,TO_1,8107,2093,5,5
AATTCCGTAGTCCCAA,TO_1,7549,1863,1,1
ACAAAAAACCGGAGGT,TO_1,8058,2386,4,4
ACAAAAATCCAGCAGT,TO_1,12959,3090,3,3
ACAAAACCAAGACATC,TO_1,12760,2768,5,5
ACAAAACCACGGCCTT,TO_1,11082,2580,2,2
ACAAAACCATTAAGTT,TO_1,8588,2200,5,5
ACAAAAGGATAACCGA,TO_1,6726,1814,7,7
ACAAAATAATCGCATC,TO_1,8703,2300,2,2
ACAAAATACCGTCAAA,TO_1,7990,2027,1,1
ACAAACAAACTGCCAT,TO_1,6562,1754,2,2
ACAAACACATGTAGCG,TO_1,9696,2717,2,2
ACAAACGACAGCAAGT,TO_1,10879,2690,1,1
ACAAACTACCCAAGTG,TO_1,8671,2478,2,2
ACAAACTGAGGCATGT,TO_1,6812,2185,5,5
ACAAAGATCCATCACC,TO_1,12695,2585,4,4
ACAAAGCAACCTAGAA,TO_1,9579,2268,5,5
ACAAAGGAAGGGACCG,TO_1,7279,2217,6,6
ACAAAGGCCCGCAATA,TO_1,8471,2105,5,5
ACAAAGGTAACGACAG,TO_1,6084,1854,0,0
ACAAAGTTCCAGACTC,TO_1,6579,2323,6,6
ACAAATCTCCCCATTC,TO_1,11594,2463,5,5
ACAACAAAATTGACGC,TO_1,6541,1749,5,5
ACAACAAACAAAAAGC,TO_1,9907,2545,3,3
ACAACAGTAATTATTC,TO_1,12219,3042,4,4
ACAACCCGAGGGAACT,TO_1,7190,2172,1,1
ACAACCCGATCGCCTA,TO_1,6613,2055,0,0
ACAACCTCAGTCATTT,TO_1,7814,2013,6,6
ACACAACCCAAGCATA,TO_1,9311,2148,2,2
ACACAACTAGTGATTT,TO_1,6798,2153,1,1
ACACAAGCCAGGAGAA,TO_1,10437,2370,2,2
ACACAAGCCATGATCG,TO_1,9849,2696,6,6
ACACAATGAGGCCCAT,TO_1,8205,2478,5,5
ACACACAAATTCATAA,TO_1,6442,1875,0,0
ACACACCAAAGTAACT,TO_1,6565,1816,2,2
ACACACCACCATAGCT,TO_1,10307,2307,0,0
ACACACGAACGCCCTA,TO_1,8805,2027,4,4
ACACACGGCCAGCAAA,TO_1,8245,2298,4,4
ACACAGCCACCTATGT,TO_1,7692,2094,5,5
ACACAGTAACTTCAAT,TO_1,6290,2087,3,3
ACACAGTTCAGAAATT,TO_1,8311,2160,1,1
ACACATAACCCGAAGG,TO_1,8434,2117,2,2
ACACATATATACATTG,TO_1,9461,2438,4,4
ACACATCTATCCAACA,TO_1,10424,2768,5,5
ACACATGAACAAATCT,TO_1,9886,2187,0,0
ACACATTAAATTCAAT,TO_1,7625,1973,6,6
ACACCACTCAGGACAT,TO_1,6701,1891,5,5
ACACCAGGCCGGACAA,TO_1,10326,2411,2,2
ACACCATCATTGCCTC,TO_1,7621,2482,3,3
ACACCCACAACAACCG,TO_1,11537,2554,4,4
ACACCCGACCGGATGC,TO_1,11730,2609,2,2
ACAGAAACAGCGAAGC,TO_1,10397,2406,3,3
ACAGAAGCATACCAGA,TO_1,7248,2165,5,5
ACAGAAGCATATAGTT,TO_1,8247,2488,7,7
ACAGACTGATCCAACC,TO_1,8514,1915,0,0
ACAGAGAACCACAAGC,TO_1,8674,2395,4,4
ACAGAGAGATGACCTG,TO_1,10466,2255,6,6
ACAGAGTTACCACCCC,TO_1,7427,2226,1,1
ACAGATAAAGCGATGC,TO_1,7365,1938,0,0
ACAGATCTATGAACTT,TO_1,12704,3193,3,3
ACAGATGAAGGACATT,TO_1,9281,2269,5,5
ACAGATGGAAGAATTG,TO_1,14194,3038,2,2
ACAGCACTCCGGCCGT,TO_1,11174,3124,4,4
ACAGCATGAATCAGGA,TO_1,7057,2002,5,5
ACAGCCACCCATACTC,TO_1,8098,2068,3,3
ACAGCCATAGATCACG,TO_1,8016,2251,2,2
ACAGCCGCACCCACAA,TO_1,7623,2056,5,5
ACATAACGACAGCCGT,TO_1,6092,1816,5,5
ACATAACGCCGAAGTC,TO_1,7000,1848,2,2
ACATAATAAACCACGG,TO_1,9104,2195,2,2
ACATAATACCGTCAAT,TO_1,12950,3037,4,4
ACATAATTAGTGATCG,TO_1,8914,2436,3,3
ACATACGACCTTCCAG,TO_1,7072,2233,3,3
ACATACGGATTGAGAA,TO_1,7878,2029,4,4
ACATATAACCTTCCGT,TO_1,8006,1964,1,1
ACATATACAACAAGTG,TO_1,6307,1823,1,1
ACATATAGAAAACCAT,TO_1,7904,1975,2,2
ACATATCCAAACCAGT,TO_1,9527,2209,4,4
ACATATGAAGGACAGG,TO_1,11673,2988,6,6
ACATATGGATGAAACG,TO_1,11219,2682,0,0
ACATATTGCACAATTG,TO_1,10484,2579,3,3
ACATCAAACATAAAAC,TO_1,9496,2012,0,0
ACATCAGAACTCACCG,TO_1,13929,3126,4,4
ACATCAGGATACCAGC,TO_1,8683,2341,7,7
ACATCAGTCAAAAATC,TO_1,20254,4265,4,4
ACATCATACCGGCAAA,TO_1,6207,1754,2,2
ACATCCACCACCAAGC,TO_1,6821,1689,2,2
ACATCCCGCCGACAGA,TO_1,8306,2226,0,0
ACATCCGGAGCAAGGG,TO_1,9824,2556,0,0
ACCAAACGATAGAGGC,TO_1,6788,1925,1,1
ACCAAACTCATGAATT,TO_1,9861,2890,6,6
ACCAAAGTACAGCCCA,TO_1,6218,2056,1,1
ACCAAAGTACCCAATT,TO_1,7258,2142,7,7
ACCAAATGAGTCCCAA,TO_1,20133,3677,4,4
ACCAACCAAACACCTT,TO_1,16853,2851,0,0
ACCAACCAACAACAGA,TO_1,9796,2401,2,2
ACCAACGCAACAAGAC,TO_1,6872,1927,0,0
ACCAAGACCACTAGTT,TO_1,14538,2912,0,0
ACCAAGCCATTCAGCT,TO_1,7810,2680,1,1
ACCAAGGCAATACATA,TO_1,12287,3066,3,3
ACCAAGGGCCAGAAAT,TO_1,8942,2858,3,3
ACCAAGGTCCGGAAAA,TO_1,8472,2069,2,2
ACCAAGTCAGTCAAAT,TO_1,11139,2342,5,5
ACCAAGTCCCTGAAAC,TO_1,11285,2854,5,5
ACCAATGAATATACAT,TO_1,12463,2563,7,7
ACCAATGCAAGTACGA,TO_1,12571,2596,2,2
ACCACAAGAAGTAGGT,TO_1,9992,2460,0,0
ACCACACACCAAAAAC,TO_1,14911,3111,5,5
ACCACAGGACGAAGGT,TO_1,8075,2041,0,0
ACCACATAATGTCCTC,TO_1,15510,3167,4,4
ACCACATCAAGAAGGA,TO_1,7145,1864,7,7
ACCACCACACTTAACG,TO_1,10142,2895,1,1
ACCACCCTCACGCAAG,TO_1,8860,2567,1,1
ACCACCGAACTGAAGC,TO_1,10055,2419,0,0
ACCACCTCAATGAACT,TO_1,8677,2569,3,3
ACCACCTGCCAGACAT,TO_1,11039,3093,4,4
ACCACCTTATTGCCCT,TO_1,8960,2396,0,0
ACCCAACTATTAACGT,TO_1,7765,1997,1,1
ACCCAATTATTAACCG,TO_1,9437,2341,5,5
ACCCACACAAAGATGT,TO_1,10581,2656,2,2
ACCCACATACGCAGCA,TO_1,10118,2421,0,0
ACCCACCACAACAGTA,TO_1,7127,2230,6,6
ACCCACCCAAGTACGG,TO_1,6890,2050,1,1
ACCCACCTACGCAAAG,TO_1,6584,1955,0,0
ACCCACGCCCAAATTC,TO_1,8772,2385,4,4
ACCCACGTAATAACCT,TO_1,6498,1828,0,0
ACCCACTCACCCACCT,TO_1,6940,2109,1,1
ACCCAGCTCCCCATTT,TO_1,6038,1637,0,0
ACCCAGTAATCCATAT,TO_1,9790,2643,7,7
ACCCAGTGCATTAGGA,TO_1,9581,2803,6,6
ACCCATATAGATACGT,TO_1,7821,1970,0,0
ACCCATATCCGCAAAA,TO_1,8713,2235,2,2
ACCCATCACCAACACA,TO_1,6823,2306,3,3
ACCCATCCAGGTATCG,TO_1,13894,3154,1,1
ACCCCAAAAGGCATCT,TO_1,10102,2285,0,0
ACCCCACACCAAAGAT,TO_1,7745,2082,4,4
ACCCCACCCCTGAGCT,TO_1,7689,2086,4,4
ACCCCAGGACGTACCG,TO_1,12386,2634,2,2
ACCCCCACAGAACCGT,TO_1,7638,2170,0,0
ACCGAAAACCATATGG,TO_1,6704,1905,0,0
ACCGAAATAACAAGAG,TO_1,9233,2287,7,7
ACCGAACAAAGTAGAG,TO_1,12865,2942,4,4
ACCGAACTCAGGCCAT,TO_1,6610,1808,0,0
ACCGAAGGACACCCCG,TO_1,10618,2539,4,4
ACCGAATGAATTCCCC,TO_1,9763,2473,5,5
ACCGAATTCAGCCCGC,TO_1,9116,2392,3,3
ACCGACAGAGCGCCCC,TO_1,7322,2129,1,1
ACCGACCGCCGCAAAA,TO_1,10526,2980,5,5
ACCGACTCAGCCCACG,TO_1,11637,2553,2,2
ACCGACTGCAGTAAAC,TO_1,12348,3045,0,0
ACCGAGAAAACACATA,TO_1,17360,3741,4,4
ACCGATAGATATACCC,TO_1,6965,1827,5,5
ACCGATCCATTACACT,TO_1,7930,2049,7,7
ACCGATCGACTGCCGC,TO_1,9470,2508,2,2
ACCGCACACCTTAGAG,TO_1,10585,2570,0,0
ACCGCACCAACGCAGC,TO_1,15241,3801,3,3
ACCGCACCAACTCCAG,TO_1,6694,1849,5,5
ACCGCACCAATCAGTT,TO_1,8042,2208,6,6
ACCGCACTAACAAAGC,TO_1,7081,1916,0,0
ACCGCAGAAAAGCCTG,TO_1,6464,2006,5,5
ACCGCAGGATCTCCGG,TO_1,10557,2441,0,0
ACCGCAGTAGGGATTA,TO_1,8136,1852,1,1
ACCGCATTATCCATAG,TO_1,10349,2446,5,5
ACCGCCTTAAGGAATG,TO_1,6884,1827,7,7
ACCTAAATAGCAAACG,TO_1,6599,2059,7,7
ACCTAAATAGTCAACA,TO_1,8275,2204,0,0
ACCTAACAACATCAAG,TO_1,9350,2677,3,3
ACCTAAGAAAATACAC,TO_1,7621,2436,3,3
ACCTAAGACCTGCCCC,TO_1,7270,1960,7,7
ACCTAAGGAAACCCTT,TO_1,6699,1929,2,2
ACCTAAGTATCCAAAC,TO_1,8843,2412,4,4
ACCTAATAATCAAAAC,TO_1,18400,3696,5,5
ACCTACCTATGGCCGC,TO_1,8988,2109,0,0
ACCTACGACCTAACAT,TO_1,7083,2530,1,1
ACCTACGGAAGTATGC,TO_1,6738,1950,3,3
ACCTAGGAATATATGA,TO_1,14493,3035,5,5
ACCTAGTAATGCCAGT,TO_1,7247,1931,0,0
ACCTAGTGACTTACTC,TO_1,8209,2137,2,2
ACCTATGCCACACCAT,TO_1,7106,2010,5,5
ACCTATGGAGGCATCG,TO_1,8047,2130,1,1
ACCTATTAAGACATAG,TO_1,12829,2731,0,0
ACCTATTGATCACCTT,TO_1,9268,2477,3,3
ACCTATTTATACCCAG,TO_1,6513,1926,0,0
ACCTCAAAAGACCAGG,TO_1,6326,2831,3,3
ACCTCAAGCCGCAATG,TO_1,8100,2101,0,0
ACCTCACCAGAGAGGG,TO_1,6529,1982,6,6
ACGAAAACAGTTCAAG,TO_1,10746,2634,3,3
ACGAAAATCCGTAAGA,TO_1,10612,2424,0,0
ACGAAACAAGTGACCG,TO_1,7444,2030,5,5
ACGAAAGAAGTTCAGC,TO_1,14218,3148,6,6
ACGAAATGCCGAATCG,TO_1,11960,2893,2,2
ACGAACATAGCCAATT,TO_1,9474,2596,7,7
ACGAACGGAGTGACTC,TO_1,14705,3161,6,6
ACGAACTGACCGATCC,TO_1,9984,2618,7,7
ACGAACTTAGGAATCT,TO_1,9078,2178,1,1
ACGAAGATCCGAAAAT,TO_1,10594,2444,5,5
ACGAAGTTCCCTAAAA,TO_1,6891,2496,6,6
ACGAATATAAGGAAAG,TO_1,7032,2093,7,7
ACGAATCAAATAAGAA,TO_1,11037,2939,5,5
ACGAATTCCCGGAACA,TO_1,6280,1995,3,3
ACGAATTGCAAGCCTC,TO_1,13717,3006,5,5
ACGACATGAGGCATGT,TO_1,12015,2759,0,0
ACGACATGATGAAAGC,TO_1,6707,2161,1,1
ACGACCGAACGAAGGG,TO_1,8373,2723,3,3
ACGACCTAAAACACTG,TO_1,6575,2040,4,4
ACGACCTCCAGTCCTT,TO_1,10189,2701,4,4
ACGCAAACCCAACCCA,TO_1,9193,2671,1,1
ACGCAAAGAAGAATTA,TO_1,11552,3138,3,3
ACGCAAAGAATAAAAT,TO_1,7858,2267,1,1
ACGCAAATCCGTACTA,TO_1,8443,2351,4,4
ACGCAACGACTTCCCC,TO_1,24033,4162,4,4
ACGCAACGATCAAACA,TO_1,22026,4232,6,6
ACGCAATACCTTCCAG,TO_1,15637,3072,0,0
ACGCAATGCCGGCATA,TO_1,16258,2981,0,0
ACGCACGCCCCCAGTC,TO_1,10366,2440,0,0
ACGCACGGATAGATTG,TO_1,15860,3154,6,6
ACGCACGTACCACAAA,TO_1,6276,1937,7,7
ACGCACTCAGGGAGGA,TO_1,10386,2558,1,1
ACGCACTTAACGAGTG,TO_1,6981,1989,2,2
ACGCAGAGAGGTATGG,TO_1,7012,2003,2,2
ACGCAGCTAGCGAAGA,TO_1,8012,2307,0,0
ACGCATAAAACGAGTT,TO_1,10126,2930,4,4
ACGCATCAACGTCCTA,TO_1,15071,3261,4,4
ACGCATCTCCGTACGC,TO_1,14880,2921,2,2
ACGCATGCCATGAAGA,TO_1,19123,3581,0,0
ACGCATTCAAGACAAC,TO_1,12195,2502,0,0
ACGCATTCACTTAGGG,TO_1,6171,1814,3,3
ACGCATTGACAAAATG,TO_1,10921,3138,1,1
ACGCATTTCCAGAGGG,TO_1,23843,4141,4,4
ACGCCACGAAACAGAC,TO_1,12488,3221,4,4
ACGCCACGCACCAAGA,TO_1,10243,2719,3,3
ACGCCACTAGACCCCC,TO_1,8547,2374,1,1
ACGCCAGCCATAACCC,TO_1,14813,3172,4,4
ACGCCAGGATGCACAT,TO_1,11048,2620,1,1
ACGCCCACCAGGCCTT,TO_1,9513,2395,3,3
ACGCCCAGCACAAGTA,TO_1,14154,3336,4,4
ACGCCCGTCCAAAGCC,TO_1,18215,3958,4,4
ACGGAAACACCAAGTA,TO_1,6844,1970,2,2
ACGGAATAAGTCACGT,TO_1,8492,2358,4,4
ACGGAATGATTCAGAC,TO_1,6457,1885,1,1
ACGGACAGACTCCATT,TO_1,12127,3093,3,3
ACGGACAGCCATCCGT,TO_1,14349,2895,6,6
ACGGACGAATCACATT,TO_1,10182,3079,3,3
ACGGACTTAACGATCG,TO_1,12309,2598,2,2
ACGGAGTGAACCACAT,TO_1,6297,1951,2,2
ACGGATGGAGGCCACG,TO_1,6297,1883,2,2
ACGGCAAACCATCATC,TO_1,18096,3316,6,6
ACGGCACTAGTCCACT,TO_1,7464,2113,1,1
ACGGCAGACCATACAT,TO_1,12182,2606,2,2
ACGGCATTCAAAACTG,TO_1,12839,3004,4,4
ACGGCCATCAAAAGAA,TO_1,6838,1854,2,2
ACGGCCTTACCAAATG,TO_1,6868,1740,0,0
ACGTAAGAAATGCCTT,TO_1,9595,2358,5,5
ACGTACTTAGTTATAT,TO_1,8490,2283,0,0
ACGTAGATATCAAGTG,TO_1,9692,2445,4,4
ACGTAGTCAAGCAGGG,TO_1,11675,2408,0,0
ACGTCAAAAATGAGGG,TO_1,8915,2152,5,5
ACGTCAGAAGTTAAGA,TO_1,7904,2588,6,6
ACGTCCGACCGAAACC,TO_1,8578,2216,4,4
ACGTCCTAACAACACT,TO_1,7849,2046,0,0
ACGTCCTAAGTCACAG,TO_1,6410,1850,2,2
ACGTCCTACCCAATGC,TO_1,8407,2395,4,4
ACTAAAACCCGGACGT,TO_1,8591,2480,4,4
ACTAAAAGACTAAACC,TO_1,10528,2275,4,4
ACTAAACTATGCATTT,TO_1,14831,3428,5,5
ACTAAAGAAGTGATTC,TO_1,10715,3024,6,6
ACTAAATCACTAACAG,TO_1,7807,2129,1,1
ACTAACCAAATGAACA,TO_1,9560,2221,2,2
ACTAACCAAGGAACCC,TO_1,8814,1939,0,0
ACTAACGCAATGAGTT,TO_1,11285,2782,4,4
ACTAACGGAAAACATA,TO_1,7961,2351,4,4
ACTAACGTATTTCCGC,TO_1,11028,2959,5,5
ACTAACTAATTAAGTG,TO_1,13892,3038,7,7
ACTAAGACATTCCAGG,TO_1,8558,1818,4,4
ACTAAGAGAGAGCCTA,TO_1,7632,1907,2,2
ACTAAGGACACTAAAA,TO_1,9489,2723,4,4
ACTAAGGTCCAACCGC,TO_1,6488,2067,7,7
ACTAAGTAAGCTACAA,TO_1,9959,2698,4,4
ACTAATAGAAGTCCAT,TO_1,17753,3642,1,1
ACTAATTGCCCAAAGA,TO_1,11429,2670,2,2
ACTACAAGAGGGAAGA,TO_1,8459,2345,2,2
ACTACACTCCCAACTC,TO_1,11092,2394,3,3
ACTACATAACTTACCT,TO_1,10073,2653,3,3
ACTACCAGAGTAAAGG,TO_1,9482,2563,4,4
ACTACCCAAAGACACT,TO_1,11420,2873,1,1
ACTACCGACACGACCA,TO_1,12125,2667,5,5
ACTACCTTCCCGACTC,TO_1,10877,2458,7,7
ACTCAAATAGGGCCAT,TO_1,11302,2655,0,0
ACTCACGTCAGAAAAA,TO_1,6395,1802,0,0
ACTCACTCATCTCAAT,TO_1,8404,2137,0,0
ACTCAGACAAACAGAA,TO_1,7543,2029,7,7
ACTCAGTCCAGGATCG,TO_1,7459,1911,0,0
ACTCATCGAGCCAGTT,TO_1,9597,3086,6,6
ACTCATGTAATGAAGC,TO_1,6531,1803,5,5
ACTCCAACATACCCCT,TO_1,6222,1973,7,7
ACTCCCAACCTTAGCT,TO_1,6747,1737,0,0
ACTCCCCCACGGACTG,TO_1,6470,1962,6,6
ACTCCCCGCCCCCCAC,TO_1,11427,3088,4,4
ACTCCCTAAGTACAAG,TO_1,16004,3772,4,4
ACTCCCTACCGACATA,TO_1,21130,3804,4,4
ACTGAAACAAGCAGGA,TO_1,10137,2762,5,5
ACTGAACGAAGTACTT,TO_1,11217,2387,1,1
ACTGAAGAAACGATAG,TO_1,15198,3269,0,0
ACTGAAGGCCACAGGG,TO_1,19537,4012,4,4
ACTGACCACCGTCAGG,TO_1,10245,2464,0,0
ACTGACCTATCGATTA,TO_1,8884,2085,0,0
ACTGACGCCCTGCACT,TO_1,14680,3269,3,3
ACTGAGACCACCATCT,TO_1,12873,3092,1,1
ACTGAGATAAATAAGG,TO_1,11237,2514,5,5
ACTGAGTAAACTAACT,TO_1,10849,2978,1,1
ACTGATGAAACTATTC,TO_1,7668,2035,1,1
ACTGATGAACAAAGCG,TO_1,8879,1864,0,0
ACTGCAATACGTAAGT,TO_1,23840,3813,5,5
ACTGCACTCACGCCTG,TO_1,8204,2101,5,5
ACTGCAGACACAACGA,TO_1,9795,2495,2,2
ACTGCAGGCAACACGC,TO_1,10471,2454,5,5
ACTGCATACCAACAAA,TO_1,9882,3253,3,3
ACTGCATGAGAGAAGG,TO_1,13474,3012,6,6
ACTGCCACCCACATGG,TO_1,9102,2545,3,3
ACTGCCCCCAGACAGC,TO_1,9639,3140,4,4
ACTGCCCGAGTAATAG,TO_1,10551,2171,0,0
ACTGCCCGATATCCCC,TO_1,10610,2696,6,6
ACTGCCCGATTTCAGC,TO_1,10892,2922,4,4
ACTGCCCGCAGCACCC,TO_1,20944,4401,6,6
ACTGCCCTAGTGAGTG,TO_1,11089,2404,1,1
ACTGCCGGAGCAATGT,TO_1,6333,2137,1,1
ACTTAACGACGGCACG,TO_1,8224,2030,0,0
ACTTAACGCCACACCC,TO_1,7938,2275,2,2
ACTTAAGGCCTAAGAT,TO_1,7959,2368,3,3
ACTTAATGACATATCC,TO_1,8236,2120,1,1
ACTTACCTCCACACAT,TO_1,17208,3466,3,3
ACTTACTCAAGCCCGC,TO_1,9405,2487,1,1
ACTTAGAGCAGCAATA,TO_1,14340,2928,0,0
ACTTAGCCAGTGCCGT,TO_1,6556,1799,2,2
ACTTAGGGCCCGAGTG,TO_1,6514,1946,2,2
ACTTAGGTAAAGAGGT,TO_1,8947,2377,3,3
ACTTAGTCCCATCACA,TO_1,8251,2334,5,5
ACTTATAACCGAACTG,TO_1,8636,2556,4,4
ACTTATACAAGCAAGT,TO_1,6677,2162,3,3
ACTTATATAATTCACT,TO_1,21326,4037,6,6
ACTTATCAACGTAGGC,TO_1,12751,3513,6,6
ACTTATCGCCTTAAGA,TO_1,6560,2299,6,6
ACTTATTAACGGAGTC,TO_1,14016,2782,4,4
ACTTATTCCATCAATG,TO_1,14804,3205,3,3
ACTTCACGAGTACCAG,TO_1,7027,1722,0,0
ACTTCATAAAGTATCT,TO_1,12770,3155,2,2
ACTTCATACCTGACTA,TO_1,9206,2498,1,1
ACTTCCACCATTACCG,TO_1,13174,2987,4,4
ACTTCCCGACCAAGGG,TO_1,10568,2527,2,2
ACTTCCGCAAATATTG,TO_1,7724,2268,7,7
ACTTCCTAAGTGAGAT,TO_1,10978,2968,7,7
ACTTCCTCAAAACCCT,TO_1,9032,2173,2,2
ACTTCCTGATCCAAAG,TO_1,15115,2994,1,1
AGAAAAGCCCTCAAAG,TO_1,15247,3993,6,6
AGAAACAAAATGACCA,TO_1,8951,2326,0,0
AGAAACACACACCACC,TO_1,12124,2936,7,7
AGAAACTCCCCAACAT,TO_1,6112,1925,2,2
AGAAAGCTAAACATTT,TO_1,10390,2298,0,0
AGAAAGTTCAAGAAGA,TO_1,10293,2443,5,5
AGAAATCACCTTCAAA,TO_1,17563,3467,2,2
AGAAATGAAAACAGAT,TO_1,8704,2003,5,5
AGAAATGTACCAACCG,TO_1,10525,2620,6,6
AGAAATGTCCAAACTG,TO_1,15495,3122,4,4
AGAAATTGAGCAAACA,TO_1,11092,2969,3,3
AGAACAAAAAGGAAAA,TO_1,7372,1987,5,5
AGAACAGAAATTAACC,TO_1,11450,2901,3,3
AGAACCATAGTGAACT,TO_1,9947,2776,2,2
AGAACCCACACCACTA,TO_1,9029,2450,4,4
AGAACCCTACGCAATC,TO_1,6139,2266,6,6
AGAACCGCACTGCAGA,TO_1,7118,1937,2,2
AGACACAGACTCACTT,TO_1,7456,2183,5,5
AGACACGCATCGACAA,TO_1,13476,2844,4,4
AGACACTACCACCCAT,TO_1,11865,2881,0,0
AGACAGGGATTTAAGT,TO_1,9442,2863,4,4
AGACATGACAAAAAGC,TO_1,11426,2555,2,2
AGACATTCAGTGAAAG,TO_1,8195,1893,0,0
AGACCACCATTGAGCA,TO_1,6813,1956,2,2
AGACCACGCATGACTC,TO_1,6396,1963,6,6
AGACCCAAATTCCAAA,TO_1,17474,3590,6,6
AGACCCTAAACCCCGC,TO_1,16830,3382,1,1
AGACCCTTCATCAGGT,TO_1,7789,2182,1,1
AGAGAAATCAATAGTC,TO_1,13327,3213,4,4
AGAGAACACCCAAATC,TO_1,7861,2483,1,1
AGAGAATTAGCAACGC,TO_1,7300,2006,6,6
AGAGACCTCCAAATAC,TO_1,26958,4815,4,4
AGAGACGCACATACTC,TO_1,11124,2812,0,0
AGAGACTAAGGAACTG,TO_1,7809,2331,3,3
AGAGAGAGCCTCCCAA,TO_1,10335,2609,6,6
AGAGAGCAAACACCAT,TO_1,15737,2888,2,2
AGAGAGGCAGGAAGGG,TO_1,10061,2380,0,0
AGAGAGGGAGACACTA,TO_1,7098,1796,1,1
AGAGAGGTAAGGAAAT,TO_1,6575,2033,5,5
AGAGAGGTACTTATTT,TO_1,8677,2557,1,1
AGAGAGTACCCAAACG,TO_1,10987,2700,4,4
AGAGAGTGATCTAGTA,TO_1,16381,4597,6,6
AGAGAGTTATCTCCAT,TO_1,12676,2595,2,2
AGAGATACATTGCCTG,TO_1,7175,1964,0,0
AGAGCAAACATCAAGT,TO_1,11962,2779,2,2
AGAGCACAATCCAAAT,TO_1,7397,1928,4,4
AGAGCACTAAAGCCCA,TO_1,8557,2216,0,0
AGAGCAGCAGCAAGAA,TO_1,13830,2956,4,4
AGAGCAGCATTGAAAC,TO_1,9402,2281,5,5
AGAGCATACATTACCT,TO_1,8304,2163,0,0
AGAGCCCAATATCATG,TO_1,16636,3430,3,3
AGAGCCCCCCAGCAAA,TO_1,9677,2310,2,2
AGAGCCTCATCGACAG,TO_1,6438,1847,0,0
AGAGCCTGCACTAGGG,TO_1,6374,1642,1,1
AGATAAATCATCCCGG,TO_1,9469,2481,5,5
AGATAAGGAGGGAGTC,TO_1,6161,1925,6,6
AGATAAGTAACAAGGG,TO_1,13769,2938,7,7
AGATACGAAACGAGCT,TO_1,7178,2462,4,4
AGATAGAAACCTCATG,TO_1,8209,2171,4,4
AGATAGATATTAACCC,TO_1,6754,2269,5,5
AGATAGCTCCAGAAGC,TO_1,8868,2721,6,6
AGATAGGCAGGACCGC,TO_1,13865,3275,1,1
AGATAGTCCCCTCCCA,TO_1,12408,2504,2,2
AGATAGTGCCCCACGT,TO_1,12493,3134,4,4
AGATAGTTAGCTCCCA,TO_1,14339,2941,5,5
AGATATACAGCCACTA,TO_1,8715,2785,3,3
AGATATAGACTCCACC,TO_1,12431,3284,6,6
AGATATCAATTGACGA,TO_1,9257,2231,5,5
AGATCAACCCAAATTC,TO_1,9405,2088,2,2
AGATCAATACAACCGT,TO_1,8902,1976,4,4
AGATCACTACTTAGAA,TO_1,18011,3626,6,6
AGATCCAACCTTATAC,TO_1,11969,2724,2,2
AGCAAACAAAGGAGAA,TO_1,7743,2019,7,7
AGCAAACACCGCACGA,TO_1,6262,1939,7,7
AGCAAACCAACAATAT,TO_1,6528,1928,3,3
AGCAAAGGACACATGC,TO_1,15264,3246,5,5
AGCAAATGAAGTCAGA,TO_1,6619,1839,0,0
AGCAAATTATTCATTC,TO_1,13935,2932,2,2
AGCAACACATTTAGCT,TO_1,6282,1887,1,1
AGCAACGTCAATACAC,TO_1,7387,2113,0,0
AGCAAGCGACTGAAGG,TO_1,8573,2438,5,5
AGCAAGGAACAGCCGA,TO_1,13034,2731,2,2
AGCAAGTGATCTAACA,TO_1,7695,2231,6,6
AGCACACCCATTATCC,TO_1,7180,2005,1,1
AGCACACGAGCAAGTC,TO_1,7397,1882,4,4
AGCACATACACAAGGA,TO_1,6703,1932,1,1
AGCACCCGAACGATAA,TO_1,7774,2451,3,3
AGCCAAAAAATTACGC,TO_1,9615,2533,2,2
AGCCAAATAGGGCCGA,TO_1,9239,2732,6,6
AGCCAACCACCCAGAA,TO_1,7522,2120,2,2
AGCCAACTAGCGAGCT,TO_1,6131,1879,3,3
AGCCAAGAAGGTAGTC,TO_1,17723,3646,6,6
AGCCAAGTCAATAATG,TO_1,15168,3359,4,4
AGCCAATCACAGAGCC,TO_1,16469,3423,1,1
AGCCAATCCAGAAACA,TO_1,13703,2909,0,0
AGCCACAACAGGCAAC,TO_1,8860,2241,4,4
AGCCACAGCCTTACTG,TO_1,8679,2182,5,5
AGCCACATCATGAGAA,TO_1,15186,3120,3,3
AGCCACTGCAATATAC,TO_1,11961,3338,6,6
AGCCAGAGAATCAGGG,TO_1,8356,2296,1,1
AGCCAGGGCCGGCCTG,TO_1,20556,4355,3,3
AGCCATCTCCGTAAGA,TO_1,11681,3178,7,7
AGCCATGAAGCGCACT,TO_1,7972,2296,6,6
AGCCATTACACCAGGC,TO_1,7780,2046,1,1
AGCCATTCCAACAACT,TO_1,7857,2372,5,5
AGCCCAAGAAAGACAC,TO_1,9044,2414,0,0
AGCCCATCAGAGAACC,TO_1,14308,3011,7,7
AGCCCCAAAGAGCCAG,TO_1,17682,3434,3,3
AGCCCCCCACATCCGG,TO_1,10267,2599,0,0
AGCCCCGCAGTCAGCT,TO_1,6824,1947,3,3
AGCCCCGGATGCAAAC,TO_1,12263,3016,4,4
AGCGAAAGATATAACC,TO_1,6956,1684,2,2
AGCGAACCACAGCAAC,TO_1,10049,2781,3,3
AGCGAAGCAATACACA,TO_1,13612,2812,0,0
AGCGAATAATCAATGG,TO_1,7388,2070,0,0
AGCGACATATCCAGAA,TO_1,15603,3745,3,3
AGCGACGCATTCATGG,TO_1,9474,2510,3,3
AGCGACGGCCATCCTC,TO_1,6560,1965,3,3
AGCGACTAATTAACGC,TO_1,12778,2920,7,7
AGCGAGCTATCTACCT,TO_1,8926,2912,3,3
AGCGAGGAAAAGAACC,TO_1,10554,2824,1,1
AGCGAGTCATGTATAG,TO_1,17133,3454,5,5
AGCGATCCCATCCCAC,TO_1,13012,3118,6,6
AGCGCAAAAATTAACT,TO_1,17754,3829,4,4
AGCGCAACACTTAAGG,TO_1,7279,2139,3,3
AGCGCACAATACCAAA,TO_1,22954,3990,6,6
AGCGCACCCCCGCCAC,TO_1,10131,3068,3,3
AGCGCACTAATAAGGC,TO_1,12229,2525,0,0
AGCGCAGGAAAACAGC,TO_1,10918,2529,2,2
AGCGCATTAAGAACCC,TO_1,12710,2693,2,2
AGCGCCCTCATCCAGT,TO_1,7867,2192,3,3
AGCGCCGTATTAAAGC,TO_1,8557,2500,4,4
AGCTAAAACAACAATA,TO_1,6415,1889,4,4
AGCTAAATCAACAGTC,TO_1,8484,2503,2,2
AGCTAACAATTGAATG,TO_1,7768,2382,2,2
AGCTAAGTAACAACCA,TO_1,7668,2049,0,0
AGCTACCCCACACAAC,TO_1,10694,3105,5,5
AGCTACGGCAGGAGGA,TO_1,8595,2103,0,0
AGCTAGAAACAGAAAA,TO_1,10966,2592,3,3
AGCTAGCGAAGGAATG,TO_1,7316,2132,2,2
AGCTATAACCAAACCC,TO_1,7766,2015,5,5
AGCTATACAGGCCACA,TO_1,10353,2985,3,3
AGCTATATACCCCATC,TO_1,7806,1952,1,1
AGCTATGGAGTTATCC,TO_1,12080,2654,0,0
AGCTATTCAGTGACGC,TO_1,10116,2857,6,6
AGCTCAAAACGCATAT,TO_1,10761,2502,2,2
AGCTCCCTCAGAAATT,TO_1,8954,2232,0,0
AGCTCCTCCACAATGA,TO_1,7578,2034,1,1
AGGAAAGCATGTATCC,TO_1,7251,1993,2,2
AGGAAAGCCACCATCT,TO_1,7755,2073,0,0
AGGAACAACAGAAGAC,TO_1,7792,2356,3,3
AGGAACAGATGACACC,TO_1,6680,1677,1,1
AGGAACATCATCCACG,TO_1,9463,2431,5,5
AGGAACCACAGGCCTT,TO_1,6594,1864,0,0
AGGAACCCAGGCAGAG,TO_1,6926,2128,1,1
AGGAACGAAGAGAAGC,TO_1,7723,2148,2,2
AGGAAGACCCAAAACT,TO_1,13420,3433,5,5
AGGAAGCAAATCAGCG,TO_1,7278,2317,3,3
AGGAAGCGCCGGAAGT,TO_1,8248,2462,6,6
AGGAAGTCAAGCCACG,TO_1,7952,2298,4,4
AGGAATAAAAACCATC,TO_1,10123,2389,1,1
AGGAATATAGTGATCG,TO_1,10186,2844,1,1
AGGACAAACACGCACC,TO_1,8270,2064,0,0
AGGACCGCACCAAGAT,TO_1,9287,2212,6,6
AGGACCGGCAGTAATT,TO_1,13509,2843,2,2
AGGACCTTCAGACATT,TO_1,10947,2746,4,4
AGGCAAGCATACAGAA,TO_1,8765,2105,2,2
AGGCACGCACCCAATA,TO_1,8333,2567,6,6
AGGCAGGAAGGGCCGC,TO_1,15867,3240,2,2
AGGCAGGCCCTTACCA,TO_1,12064,3132,2,2
AGGCATCAAGGGAGCT,TO_1,7927,2134,4,4
AGGCCAAGATACACGC,TO_1,6786,1709,0,0
AGGCCCACCCATAATC,TO_1,6816,2175,7,7
AGGCCCCAATTGATCC,TO_1,8663,2951,4,4
AGGCCCCGCCCCACTC,TO_1,8688,1891,0,0
AGGGAAAAAAGAATGG,TO_1,9071,2345,5,5
AGGGAAAGCAGCATGG,TO_1,6521,1987,1,1
AGGGAACAACTGCAAG,TO_1,10384,2423,2,2
AGGGAACCAAATAAAA,TO_1,9123,2229,5,5
AGGGAAGACACCAGAA,TO_1,9049,2650,3,3
AGGGAAGCATCGCCCC,TO_1,11198,2502,2,2
AGGGAAGTCCGAAGTC,TO_1,9892,2397,6,6
AGGGACAGAGTACCAC,TO_1,8427,2037,0,0
AGGGACCTATTGAGGT,TO_1,11893,2805,0,0
AGGGACGAAACCATCC,TO_1,11719,3048,4,4
AGGGACTTCCCTATCA,TO_1,8501,2109,0,0
AGGGAGCCATTAACTG,TO_1,7779,2332,3,3
AGGGAGGGACGGAAGT,TO_1,16985,3059,6,6
AGGGAGTACCGAAAGA,TO_1,17812,3268,2,2
AGGGATGGAAAGCCCT,TO_1,15457,3163,6,6
AGGGATGTCATGCCGC,TO_1,16800,3340,2,2
AGGGATTTATACCACT,TO_1,10555,2481,3,3
AGGGCATTCATTATCA,TO_1,6649,1848,5,5
AGGGCCGAATTGACAG,TO_1,6260,1912,1,1
AGGTAAGCCCCCCCTT,TO_1,12494,2967,4,4
AGGTAAGGCCTTATAG,TO_1,11429,2774,4,4
AGGTAAGTATATACTG,TO_1,9829,2299,4,4
AGGTAATTCATGACTT,TO_1,11433,2705,1,1
AGGTACATCAAAACAA,TO_1,14864,2819,0,0
AGGTACCCACATAACG,TO_1,9098,2454,3,3
AGGTACGGACCCCACC,TO_1,15772,3628,4,4
AGGTACTTCAGTAAAG,TO_1,16325,2948,2,2
AGGTAGCGAACTCAAT,TO_1,11916,2797,7,7
AGGTAGGCAACTATAA,TO_1,6376,1724,0,0
AGGTAGTTACGGACTG,TO_1,13029,4581,6,6
AGGTATCCCAATATGA,TO_1,9677,2204,0,0
AGGTATGCCCTGATCA,TO_1,10594,2653,1,1
AGGTATGGATGACCAA,TO_1,12607,2792,3,3
AGGTATGTAGAACCTC,TO_1,6464,1836,1,1
AGGTATTAAACAATTA,TO_1,6386,2031,4,4
AGGTATTCATGACCTG,TO_1,7671,2177,4,4
AGGTCAAGACTCACAC,TO_1,14942,3381,5,5
AGGTCAATCACCAACT,TO_1,13393,3004,2,2
AGGTCACCCAGTAAGC,TO_1,11919,2875,3,3
AGGTCATTCCTTAGCC,TO_1,8456,2318,3,3
AGGTCCACACTCAAAG,TO_1,8948,2129,7,7
AGGTCCCGACTCATCC,TO_1,6702,2071,6,6
AGGTCCGCAACGAGCA,TO_1,29681,4516,2,2
AGGTCCGCACACAATG,TO_1,10667,2649,4,4
AGGTCCTTAGGCAGAG,TO_1,8141,2240,7,7
AGTAAAAGACACATGC,TO_1,11098,2989,3,3
AGTAAATCCATCACAA,TO_1,9660,2328,4,4
AGTAAATGCCCGCCCA,TO_1,17448,3513,0,0
AGTAACAGCCTGACAG,TO_1,18265,3443,4,4
AGTAACCCAACCCATG,TO_1,10387,2570,5,5
AGTAACTTCCGGACGC,TO_1,10160,2613,1,1
AGTAAGCGCATAACTG,TO_1,20178,3845,3,3
AGTAAGTAATCCCCTA,TO_1,11594,3071,7,7
AGTAAGTCAACTAACT,TO_1,7050,1980,3,3
AGTAATAGAAATAATC,TO_1,6922,2080,6,6
AGTAATGACACTACTG,TO_1,8031,1983,0,0
AGTAATGCAGCTCCCG,TO_1,7988,2238,0,0
AGTAATTGAAGTACTG,TO_1,14241,2830,3,3
AGTACAACACGTAACG,TO_1,16176,3032,5,5
AGTACAACATGGCACG,TO_1,10994,2602,0,0
AGTACATACAGCACAG,TO_1,12580,2523,5,5
AGTACCTTCCGTATGT,TO_1,13068,3272,6,6
AGTCAAACCCTGCCAG,TO_1,7453,2135,5,5
AGTCAATCCCCCAACG,TO_1,7119,2256,4,4
AGTCAATGATTAAGCC,TO_1,10694,3107,5,5
AGTCACCCATAACCAG,TO_1,6425,1593,5,5
AGTCAGAAAATGACCA,TO_1,12433,2939,1,1
AGTCAGCAACACAACT,TO_1,10751,3239,4,4
AGTCATATCAGCAAAT,TO_1,10604,2581,0,0
AGTCATGAAGGCATTA,TO_1,8323,1865,0,0
AGTCATGACAAACCTC,TO_1,18473,3740,6,6
AGTCCACAAGGGAGGT,TO_1,6961,2177,3,3
AGTCCCAAAGATAAGC,TO_1,17743,3485,4,4
AGTCCCAGACCTCAGC,TO_1,8914,2194,1,1
AGTCCCAGCCTTATGG,TO_1,9625,2749,4,4
AGTCCCATAACCCAAG,TO_1,6223,2132,5,5
AGTCCCCACCGGATAA,TO_1,6962,1907,0,0
AGTCCCCCATCAAGAT,TO_1,6852,2803,3,3
AGTCCCTTAAGCACTT,TO_1,14713,3655,5,5
AGTGAACTACCCACGT,TO_1,9751,2876,7,7
AGTGAATAACTACAAC,TO_1,14653,2965,3,3
AGTGACAAAAGGAATG,TO_1,12025,2684,2,2
AGTGACAGAACTACCA,TO_1,11447,2578,5,5
AGTGACATAGATACCG,TO_1,10407,2901,4,4
AGTGACCCCCTCAGAA,TO_1,7709,1929,0,0
AGTGACCCCCTTCACG,TO_1,12092,3296,5,5
AGTGACCTAGTAACGA,TO_1,6124,1949,1,1
AGTGACTCATTAACCA,TO_1,10524,2540,4,4
AGTGACTCCCTAACAA,TO_1,6915,1952,0,0
AGTGAGTTAGGCAGTC,TO_1,6750,2168,1,1
AGTGATAAAAGTCATC,TO_1,6734,2267,7,7
AGTGATAGATCGAAAC,TO_1,6435,2138,6,6
AGTGCACAACAGAGGG,TO_1,6889,1881,5,5
AGTGCAGCACGGCCTG,TO_1,11019,2725,6,6
AGTGCCAAATCGATGT,TO_1,9240,2318,7,7
AGTGCCCCAAAGCAGT,TO_1,15157,3080,7,7
AGTGCCGACCGAAGAT,TO_1,6293,1775,7,7
AGTGCCTGAGGAAAGG,TO_1,13211,3005,1,1
AGTTAATGCAAACCGT,TO_1,7386,2271,2,2
AGTTACGCACCTAGGG,TO_1,9651,2538,3,3
AGTTACGGCCATACTG,TO_1,6586,2224,1,1
AGTTAGACATTGATTA,TO_1,12510,2720,6,6
AGTTATATCACCACCA,TO_1,6928,1790,0,0
AGTTATCCACCAATTC,TO_1,6662,1910,2,2
AGTTATCGAAGTCACC,TO_1,9095,2625,3,3
AGTTCAGGATCAATCT,TO_1,6063,1785,0,0
AGTTCCCTACTAACTT,TO_1,16620,3381,6,6
AGTTCCTAACTTCATT,TO_1,7762,1931,5,5
AGTTCCTGACCGAGGG,TO_1,8007,2223,2,2
ATAAAAACCAGGACAC,TO_1,6731,1791,6,6
ATAAAAATATACCAAT,TO_1,9580,2535,2,2
ATAAAAATATCGCCTT,TO_1,11698,2847,4,4
ATAAAACCCACCCAGA,TO_1,12425,2778,6,6
ATAAAACTAAATAAGG,TO_1,11328,2812,0,0
ATAAAACTAGCCAAAC,TO_1,6788,2156,3,3
ATAAACCGATATATCG,TO_1,7255,2278,5,5
ATAAACCTAATAAGAG,TO_1,15080,3689,4,4
ATAAACTCATACAATA,TO_1,10022,2808,6,6
ATAAAGCGACGTATAT,TO_1,8480,1975,5,5
ATAAAGTAACTGCAAA,TO_1,7348,2200,5,5
ATAAATACAGTTCAGT,TO_1,7239,2029,0,0
ATAAATCGAAGTAGGG,TO_1,12503,2335,0,0
ATAAATTGAATGACCA,TO_1,12462,2792,1,1
ATAACAACAAGCCCTC,TO_1,14811,3090,2,2
ATAACACTAGATAGGA,TO_1,6352,1817,1,1
ATAACAGGACAAACAA,TO_1,11071,2607,4,4
ATAACCCTCCCCATGT,TO_1,10813,2433,1,1
ATAACCGGAAAGCAAC,TO_1,7076,1916,5,5
ATAACCTAAAGAACAG,TO_1,7475,2242,4,4
ATAACCTCAACCCAGC,TO_1,9813,2308,2,2
ATACAAAAATCAAGGA,TO_1,6660,1683,2,2
ATACAACCATCCATAT,TO_1,11490,2811,5,5
ATACAAGCCACTAAGC,TO_1,8378,2131,0,0
ATACAAGCCCGTATTC,TO_1,12478,3118,4,4
ATACAAGTAGATCATC,TO_1,6577,1868,2,2
ATACAATTATGACAGT,TO_1,9336,2275,0,0
ATACACACAGGCCCTT,TO_1,7929,2214,5,5
ATACACCAAGCTACAG,TO_1,6358,1983,1,1
ATACACCAATTCAAGG,TO_1,15036,3614,1,1
ATACACCCATTGAAGC,TO_1,7790,1781,5,5
ATACACCTATACAGTT,TO_1,10208,2815,6,6
ATACACGCACAAAAAC,TO_1,15336,3335,4,4
ATACACGTAATCATTA,TO_1,6342,2023,5,5
ATACACTAATGTAGAC,TO_1,12264,3089,4,4
ATACACTTCAACAGGG,TO_1,9292,2037,0,0
ATACAGACCACAAGAC,TO_1,7074,2122,1,1
ATACAGGTCCCAAATC,TO_1,12895,2579,2,2
ATACAGTTATAGCCGC,TO_1,12645,3154,4,4
ATACATAAATTTCCAC,TO_1,10322,3095,5,5
ATACATTGCCGTCCCG,TO_1,9463,2337,0,0
ATACCAACAGTTAAGG,TO_1,12529,2679,3,3
ATACCACGCAGTATTC,TO_1,8704,2386,5,5
ATACCACTAAGGAAGT,TO_1,9000,2019,5,5
ATACCAGCCCCAACGG,TO_1,6730,1771,2,2
ATACCATCCATCACTT,TO_1,8573,2294,0,0
ATACCATGCCTTAGCT,TO_1,10147,2741,3,3
ATACCCACCACCATAT,TO_1,9330,2457,3,3
ATACCCCAACGGAAGA,TO_1,11688,2742,6,6
ATACCCTTATTGAGGC,TO_1,11602,3043,4,4
ATAGAACAATGTATTC,TO_1,10978,2649,1,1
ATAGAACGCAGGAGTT,TO_1,8418,2114,5,5
ATAGACGTATTAATAG,TO_1,7654,1981,2,2
ATAGATACAGGTAACA,TO_1,6396,1775,0,0
ATAGATAGACTACCCG,TO_1,7877,2208,3,3
ATAGCAACAGTGAAGC,TO_1,10003,2128,0,0
ATAGCACTCCCGAGTA,TO_1,6371,1867,2,2
ATAGCATCACTTACTG,TO_1,7490,2389,4,4
ATAGCCAACCTCAATG,TO_1,8782,2317,6,6
ATAGCCCGAGGGCATT,TO_1,14113,3334,5,5
ATAGCCCTACCTAACT,TO_1,8465,2232,3,3
ATAGCCGCACCCAGAA,TO_1,7911,2136,1,1
ATATAAAGACTACCGT,TO_1,8980,2439,4,4
ATATAAATAATCCCTA,TO_1,22281,3889,6,6
ATATAATACCATACTT,TO_1,10860,2391,0,0
ATATAATGATCAACCC,TO_1,12391,3195,4,4
ATATACAGATCCCAGG,TO_1,8463,2557,4,4
ATATACCAATTCATAT,TO_1,7694,2207,6,6
ATATACGAATCTACGT,TO_1,8534,2235,0,0
ATATAGAACCCTAGAA,TO_1,8937,2296,6,6
ATATATAGAACGCCTG,TO_1,13729,2866,5,5
ATATATGAACGTAGTT,TO_1,10413,2294,0,0
ATATCAAGACAAAAGT,TO_1,6565,1987,4,4
ATATCAGTCCGTAAAC,TO_1,7214,2147,1,1
ATATCCAGCATGCAAA,TO_1,9981,2530,3,3
ATCAAAAGACATATTG,TO_1,10456,2268,1,1
ATCAAACAACGACAGC,TO_1,14552,3313,7,7
ATCAAAGGATGAAGGA,TO_1,9407,2559,7,7
ATCAAAGTACTCCATC,TO_1,9342,2664,5,5
ATCAACAAAAAGACCG,TO_1,10984,2654,5,5
ATCAACAACCAAATGC,TO_1,24634,4750,3,3
ATCAACAACCCTCCTT,TO_1,9364,2221,0,0
ATCAACATAATGATCT,TO_1,6363,1798,5,5
ATCAACTTAATTAAGA,TO_1,14150,2667,3,3
ATCAAGAGAAACACTT,TO_1,9039,2277,3,3
ATCAAGAGAGGGAGTA,TO_1,10152,2263,0,0
ATCAAGAGAGTACCAT,TO_1,10293,3025,3,3
ATCAAGCCAGCCCAGG,TO_1,17052,3543,1,1
ATCAAGCTAACTCACA,TO_1,9361,2178,7,7
ATCAATCAATCACCGG,TO_1,11899,3359,4,4
ATCAATGCAGCGATCG,TO_1,10890,2748,1,1
ATCAATGTCAGTCAAT,TO_1,25166,4429,1,1
ATCAATTAAGGCCATC,TO_1,10513,2564,6,6
ATCAATTTAGCTACAG,TO_1,9495,2510,3,3
ATCAATTTCCTGCAAG,TO_1,13087,3014,4,4
ATCACACGCAAGAGAA,TO_1,11889,2904,1,1
ATCACACTCACTCCGG,TO_1,14215,3030,1,1
ATCACACTCCTTAGCT,TO_1,8788,2644,2,2
ATCACAGAACGAATGC,TO_1,6144,2160,0,0
ATCACAGCACCTCACA,TO_1,11847,3250,1,1
ATCACAGCAGAGACAT,TO_1,8036,2035,5,5
ATCACAGTACGCATAC,TO_1,7360,1999,5,5
ATCACAGTAGGTCCCA,TO_1,7834,2022,1,1
ATCACCGGACGGCCGT,TO_1,14522,2808,7,7
ATCACCGTACAACAGA,TO_1,6167,1728,5,5
ATCACCTACATTAAAT,TO_1,7492,2272,7,7
ATCACCTTCCAGAGTG,TO_1,16843,3199,0,0
ATCCAAGTACCCAACT,TO_1,16168,3218,4,4
ATCCAAGTACGAACAT,TO_1,13240,2920,7,7
ATCCAAGTATTGACAA,TO_1,10348,2700,3,3
ATCCAATCAAGCAGCG,TO_1,16807,3620,4,4
ATCCACCCCCACCACA,TO_1,18385,3533,1,1
ATCCAGGTAAAGACAC,TO_1,8520,2470,2,2
ATCCAGTAACCTACCA,TO_1,9830,2695,1,1
ATCCAGTACCGAATCA,TO_1,13415,2849,6,6
ATCCATATCAAACATT,TO_1,7874,2342,3,3
ATCCATATCATACCGA,TO_1,12528,2741,0,0
ATCCATGCAACGACTG,TO_1,15823,3291,4,4
ATCCATGTCAAACATA,TO_1,12675,2862,2,2
ATCCATTGAGGAAGGG,TO_1,9453,2210,5,5
ATCCCAACAAAAACGT,TO_1,13696,3503,4,4
ATCCCAATAGATCATA,TO_1,7148,2287,1,1
ATCCCACAACTCATGT,TO_1,14707,3252,0,0
ATCCCAGAACATCCAG,TO_1,7519,2073,3,3
ATCCCAGGCAAACAAA,TO_1,17371,3575,2,2
ATCCCATACACGCCAA,TO_1,11200,2875,3,3
ATCCCCGGCCATCCCA,TO_1,14253,2962,0,0
ATCCCCGTATGAAGCA,TO_1,16517,3388,6,6
ATCCCCTCAAGAACAC,TO_1,11760,4389,6,6
ATCCCCTGCCTAAACC,TO_1,12048,2836,3,3
ATCCCCTGCCTGAGTT,TO_1,13928,2860,0,0
ATCGAATTAGTCCAAG,TO_1,6746,2019,6,6
ATCGACGGACGTAAGT,TO_1,11776,3092,1,1
ATCGACTAAAGACCTC,TO_1,10923,2572,7,7
ATCGAGCAAGTCATGT,TO_1,11710,3471,3,3
ATCGAGCCAGCCCACG,TO_1,7169,1728,1,1
ATCGATTGCAGCATCA,TO_1,12531,3095,1,1
ATCGCAACCACAAGAC,TO_1,7032,1982,1,1
ATCGCAAGATTCAAAT,TO_1,6362,1931,7,7
ATCGCACGAATAACGG,TO_1,6181,1918,2,2
ATCGCAGACCCGAAGC,TO_1,9697,2324,1,1
ATCGCATACCCTCCGG,TO_1,9372,2413,5,5
ATCGCCTAATCACATC,TO_1,9916,2331,5,5
ATCTAAGTCATACCTA,TO_1,9611,2457,5,5
ATCTACCTAAGGAGGG,TO_1,6367,1805,0,0
ATCTACCTCCTGACTT,TO_1,12194,2906,7,7
ATCTAGCTAATCCCAC,TO_1,7133,1972,5,5
ATCTAGTACCCTATTT,TO_1,8951,2271,0,0
ATCTATATAAACATTA,TO_1,10003,2743,1,1
ATCTATATAAGGACCC,TO_1,16580,3337,0,0
ATCTATTTCCGAAGGC,TO_1,11851,2717,5,5
ATCTCAAAAATAATCT,TO_1,14892,3409,7,7
ATCTCAGAATGAAATG,TO_1,6561,2262,6,6
ATCTCAGTCCTGAAGG,TO_1,9535,2358,7,7
ATCTCATCCAACCAGT,TO_1,9038,1718,7,7
ATCTCCACAACTATGT,TO_1,20372,3896,2,2
ATCTCCACAATAAAGC,TO_1,11503,2648,1,1
ATCTCCACATTAAAAC,TO_1,10570,2756,2,2
ATCTCCCAACCCCACG,TO_1,6882,2064,3,3
ATCTCCGAAGCCCAGC,TO_1,10435,2670,1,1
ATCTCCGCACCGACTG,TO_1,9609,2947,3,3
ATGAAAGGACCCAAGG,TO_1,17022,3042,2,2
ATGAACACACGACAGT,TO_1,21007,3760,2,2
ATGAACCTATTGCCAT,TO_1,12175,2654,0,0
ATGAACCTCCCAAAAT,TO_1,6383,2061,3,3
ATGAACGTATGGCAGC,TO_1,10702,2736,7,7
ATGAACTCCCAAAAGA,TO_1,13210,2991,4,4
ATGAAGAGCAACCCTA,TO_1,9502,2530,3,3
ATGAAGGAACAGAGTC,TO_1,8437,2197,1,1
ATGAATACCCCACCCA,TO_1,12675,3238,5,5
ATGAATAGCAATACCG,TO_1,8863,2068,0,0
ATGAATATATCTACTA,TO_1,11574,2677,2,2
ATGACACCACCCAAGG,TO_1,17329,3265,2,2
ATGACCCAAGAAAGGG,TO_1,8446,2477,4,4
ATGACCCAAGATAAGA,TO_1,10384,2420,1,1
ATGCAAAGCAGTCCTC,TO_1,7461,2311,4,4
ATGCAAGCCAGGATTA,TO_1,6313,1713,7,7
ATGCAATTACGAAGGT,TO_1,9204,2572,3,3
ATGCAATTCAGTACCT,TO_1,7149,2140,3,3
ATGCACAACAGGACGG,TO_1,7868,2144,2,2
ATGCACACCACAAAGC,TO_1,10815,2500,7,7
ATGCACGGACCCAAGC,TO_1,10335,2303,7,7
ATGCAGCTACTAAGAA,TO_1,6276,1965,1,1
ATGCAGTCAGGGCCTT,TO_1,17388,3289,2,2
ATGCATGGAGCGACCG,TO_1,11859,3256,4,4
ATGCATTGAGTTCCAC,TO_1,8104,1913,5,5
ATGGAACGAAGCACCT,TO_1,11035,2451,3,3
ATGGACAAACAGATAG,TO_1,10405,2733,5,5
ATGGACCTCATTAAAA,TO_1,10488,2675,1,1
ATGGACTAATCGCCGG,TO_1,7042,1899,1,1
ATGGACTTCCCCAAAT,TO_1,13284,3368,1,1
ATGGAGAACCGGAACG,TO_1,11339,2699,1,1
ATGGAGAGAGATATGG,TO_1,9159,2297,3,3
ATGGAGGCATGTAGTG,TO_1,8045,2330,7,7
ATGGATCTCATGAATA,TO_1,6344,1878,2,2
ATGGATGACCGTACGC,TO_1,12675,2934,2,2
ATGGATGCAGGAAGTA,TO_1,14776,3464,6,6
ATGGATTCATGAACAC,TO_1,7942,2177,7,7
ATGGATTGAATTAAAG,TO_1,10343,2511,3,3
ATGGCAAGATCCATAT,TO_1,9366,2583,6,6
ATGGCACTCAAGACAT,TO_1,8052,2272,7,7
ATGGCATACATAAGCG,TO_1,8718,2167,2,2
ATGGCCACACCAAGGT,TO_1,11967,2865,4,4
ATGGCCATAGCCCCTA,TO_1,13286,3211,3,3
ATGGCCGAACGGCCGT,TO_1,7471,2041,3,3
ATGGCCGGCCTCAGTT,TO_1,14701,3577,6,6
ATGGCCGTACTTAGTC,TO_1,13056,3264,5,5
ATGTACAAATCACCTA,TO_1,17614,3338,1,1
ATGTACACAATGAAAC,TO_1,7856,2317,7,7
ATGTACCAATGGACGT,TO_1,18517,3684,1,1
ATGTACCCATTCCCCG,TO_1,6401,1906,6,6
ATGTACTACCTCAAGC,TO_1,10065,2585,3,3
ATGTAGATAAATACGC,TO_1,16424,3212,4,4
ATGTAGCGCATACCGG,TO_1,24609,3892,2,2
ATGTATCCATTAACCC,TO_1,8586,2054,1,1
ATGTATGAAGAACATT,TO_1,10587,2550,1,1
ATGTATTGCAGGCCGT,TO_1,6278,1751,4,4
ATGTATTTCCACCCTA,TO_1,7249,1812,2,2
ATGTCAAAAGGTCCCC,TO_1,11075,2920,7,7
ATGTCCACAATAACGT,TO_1,6122,1965,5,5
ATGTCCAGAGATATTA,TO_1,9872,2501,1,1
ATGTCCCCAGATAGGG,TO_1,13088,2915,2,2
ATGTCCGTATAAAGTC,TO_1,14175,2877,2,2
ATGTCCTAATACCAAG,TO_1,11657,2632,6,6
ATGTCCTTCCTAAGCG,TO_1,8448,2183,1,1
ATTAAAGCAGCAAGGT,TO_1,10626,2493,0,0
ATTAAATGAAAAAAGC,TO_1,12727,3254,4,4
ATTAACATAGACATGT,TO_1,9442,2413,3,3
ATTAACCACCTACATT,TO_1,11860,2899,0,0
ATTAACTCACCCATGA,TO_1,9133,2528,3,3
ATTAACTCACTAAAGG,TO_1,21195,3913,4,4
ATTAACTTATCCCAGC,TO_1,11674,3143,1,1
ATTAAGAAAACGCCGC,TO_1,8932,2474,1,1
ATTAAGATAAACAACT,TO_1,13182,3150,1,1
ATTAAGGGCATAATTC,TO_1,11599,2888,0,0
ATTAAGGTATCGCATG,TO_1,11810,2529,0,0
ATTAAGTACAACCCTG,TO_1,10313,3666,4,4
ATTAAGTCCCGTATAA,TO_1,9323,2276,0,0
ATTAATATAAGAAATC,TO_1,14165,3289,6,6
ATTAATGACCCCATCG,TO_1,10635,2876,4,4
ATTAATGCATGTAATG,TO_1,11842,2726,2,2
ATTAATTACAACAGCT,TO_1,6570,2034,5,5
ATTACAAACCCAACGG,TO_1,15869,3227,0,0
ATTACAGAAGTTAACT,TO_1,13077,3042,4,4
ATTACATCATTTAAGT,TO_1,8363,2415,6,6
ATTACCCAATGAACCA,TO_1,15929,3424,1,1
ATTACCGGACAGCAGT,TO_1,8933,2228,2,2
ATTACCGTATGACCGT,TO_1,12157,2790,3,3
ATTCAACCACGAACTC,TO_1,10021,2688,4,4
ATTCAAGAAGTACCGT,TO_1,8801,2456,3,3
ATTCAATGACGGCAAA,TO_1,14027,3047,1,1
ATTCACCAAGAGAGCA,TO_1,16368,3110,4,4
ATTCACCCCCAGATGT,TO_1,11104,2506,0,0
ATTCACCGAGGACCGA,TO_1,14175,2997,7,7
ATTCACTAACAGAACG,TO_1,12373,2573,4,4
ATTCAGAGCATTAACC,TO_1,20720,3957,3,3
ATTCAGATCCTCCATA,TO_1,12620,3098,4,4
ATTCAGCTCAACCCCG,TO_1,15408,3545,2,2
ATTCAGGCATCCCCCC,TO_1,6150,1997,3,3
ATTCAGGCCCCTAGTT,TO_1,14283,3462,3,3
ATTCAGTGACAACACT,TO_1,7923,2105,2,2
ATTCATAACCTACCCA,TO_1,8647,2471,1,1
ATTCATATAAGTAATT,TO_1,11794,2684,0,0
ATTCATCAAATCATGG,TO_1,12663,2888,2,2
ATTCATCAACACCCGA,TO_1,9998,2564,0,0
ATTCATCAACCAAACG,TO_1,46950,6157,1,1
ATTCATCGAAGCCAGT,TO_1,10222,2569,6,6
ATTCCAAGAATGAACC,TO_1,10057,2663,1,1
ATTCCAAGCCGGAACC,TO_1,11224,3081,2,2
ATTCCACTACCCAGGT,TO_1,11416,2895,4,4
ATTCCAGCAGGTATGA,TO_1,10718,2857,3,3
ATTCCATGAAAAAGGG,TO_1,11245,2678,3,3
ATTCCCAAAGAAACCT,TO_1,10906,2668,0,0
ATTCCCAGAACTACCT,TO_1,9801,2678,6,6
ATTCCCCCAAATAAGG,TO_1,13972,3316,7,7
ATTCCCCTCCGCCCGG,TO_1,9963,2430,6,6
ATTCCCGACAGTAAGC,TO_1,7752,2311,2,2
ATTCCCTTCCGTCCTA,TO_1,6410,1875,5,5
ATTCCCTTCCTACATT,TO_1,14702,3540,5,5
ATTGAAATATTCACGA,TO_1,12718,3017,5,5
ATTGAACGAAAGACTG,TO_1,10979,2770,5,5
ATTGAAGTAACAAAAG,TO_1,8348,2111,2,2
ATTGACACACCTCATC,TO_1,8211,1874,2,2
ATTGACACACGACACC,TO_1,12321,2664,7,7
ATTGACAGATCCATGG,TO_1,7280,1878,7,7
ATTGACCTATAGACGA,TO_1,6573,1549,5,5
ATTGAGAGAAACAAGC,TO_1,16987,3485,6,6
ATTGATCAAATCCCTA,TO_1,9375,2678,5,5
ATTGATCGAGCCATAG,TO_1,18912,3658,6,6
ATTGATGGAATGAACA,TO_1,16441,3555,1,1
ATTGATTAAGCAAATT,TO_1,6765,1871,2,2
ATTGATTTAATAAGGC,TO_1,9756,2495,5,5
ATTGCACGACAGACGT,TO_1,15977,3667,4,4
ATTGCACGATACCCCT,TO_1,10838,2469,2,2
ATTGCAGCAGGTAAAG,TO_1,9854,2210,0,0
ATTGCATGATTGAATT,TO_1,11689,2688,7,7
ATTGCATGCATTACTT,TO_1,12486,2840,6,6
ATTGCCCACCACAAGC,TO_1,18146,3759,4,4
ATTGCCCGAACTAAGC,TO_1,19886,4018,3,3
ATTGCCGTATATATTC,TO_1,10960,2347,2,2
ATTGCCTAAACAAATA,TO_1,7931,1962,2,2
ATTGCCTGCCGAACTG,TO_1,6624,1890,5,5
ATTTAAAAACTGATAT,TO_1,7573,2162,2,2
ATTTACATCAGCAGCG,TO_1,6286,1584,0,0
ATTTACCACCGAACAA,TO_1,6810,1813,0,0
ATTTACGACAGCCATT,TO_1,6386,2056,4,4
ATTTACTGACACAAGA,TO_1,7740,2158,0,0
ATTTAGAAAAAAAGAG,TO_1,8077,2433,3,3
ATTTAGAAAATGAAGA,TO_1,6136,1840,1,1
ATTTAGCACCCCCAGC,TO_1,7767,1976,0,0
ATTTAGGCAAATAGTT,TO_1,8205,2251,7,7
ATTTAGTAAGCTAAGG,TO_1,8271,2466,2,2
ATTTAGTCATGACAGC,TO_1,14205,2971,1,1
ATTTAGTGACTTCCCG,TO_1,9144,2727,3,3
ATTTATAAAGGGAATA,TO_1,8674,2313,0,0
ATTTATCAAAATCCGG,TO_1,6842,2005,1,1
ATTTATTCAGGCATCG,TO_1,10919,2805,1,1
ATTTCACAACAACCGA,TO_1,11688,2598,1,1
ATTTCATGATGTAATT,TO_1,7374,2247,4,4
ATTTCCGTAATCCCTT,TO_1,8031,1919,2,2
ATTTCCTCATAGAACA,TO_1,6267,1857,0,0
CAAAAAACAATACATA,TO_1,18170,3444,4,4
CAAAAACCACGTAAGC,TO_1,25697,4112,4,4
CAAAAACGAAGTAGCC,TO_1,7595,2105,0,0
CAAAAAGGCAAAAGTC,TO_1,10359,2366,2,2
CAAAAAGTCCTACAAT,TO_1,11012,2542,3,3
CAAAAATGAGGGATTC,TO_1,8010,2140,6,6
CAAAACCTATTGCCAG,TO_1,9692,2432,7,7
CAAAACTACACGAACC,TO_1,6424,1794,1,1
CAAAACTTATTAAAGC,TO_1,9514,2583,0,0
CAAAAGAACCCAAAGT,TO_1,9424,2308,1,1
CAAAAGCGACAAAGGA,TO_1,9861,2346,7,7
CAAAAGGCCCAAAAAT,TO_1,9922,2405,2,2
CAAAAGGGACATCCAT,TO_1,9827,2414,2,2
CAAAAGGGCCGTCCCT,TO_1,16423,4597,4,4
CAAAAGTGCATTACAG,TO_1,16217,3144,0,0
CAAAATCCATTACACT,TO_1,10848,2553,2,2
CAAAATCCCACCACTT,TO_1,12780,2781,2,2
CAAAATGAAGACAAGT,TO_1,11540,2808,6,6
CAAAATGGAGTAAGTA,TO_1,9234,2484,0,0
CAAAATTCCACAACCC,TO_1,12997,2943,3,3
CAAAATTTAAGAACTA,TO_1,6369,2052,2,2
CAAACAAGAGCACCGG,TO_1,11282,2820,5,5
CAAACACAACTTCCAC,TO_1,7999,2418,3,3
CAAACAGTCCCACCGA,TO_1,13959,2894,2,2
CAAACATAAAAAATAA,TO_1,6400,2034,1,1
CAAACCAGAACCCATC,TO_1,12661,2689,3,3
CAAACCATACAGAAGT,TO_1,6183,1708,5,5
CAAACCCACCGAAAGA,TO_1,8829,2517,1,1
CAAACCTGCCTGATTT,TO_1,6892,2459,5,5
CAACACCTAGTCAACA,TO_1,6158,1956,5,5
CAACACCTATTCCCGG,TO_1,7781,2229,3,3
CAACAGACAATAACAC,TO_1,13717,3586,1,1
CAACCAACATACCCAT,TO_1,9768,2428,1,1
CAACCAAGACGCCAGA,TO_1,7823,2081,0,0
CAACCACACATGAAGC,TO_1,14635,3685,4,4
CAACCATCATTGAGTG,TO_1,8664,2396,0,0
CAACCCTACAAAATGG,TO_1,13843,3066,2,2
CAACCCTACAAGATCA,TO_1,7456,2058,7,7
CAACCCTGACCGATAT,TO_1,16361,3759,4,4
CAACCCTTCCCCATTC,TO_1,6626,2176,3,3
CAAGAAATAGACCCGC,TO_1,9133,2518,3,3
CAAGAACAATTACAGT,TO_1,10968,2472,5,5
CAAGAACGATATAGAG,TO_1,13472,2823,7,7
CAAGAAGGAAAAATCT,TO_1,13799,4175,6,6
CAAGAAGGATTACCCG,TO_1,8218,2190,1,1
CAAGAATGAGCGCACT,TO_1,6067,1809,1,1
CAAGACCAAATCAGAT,TO_1,7225,1838,5,5
CAAGACCCATCTCATG,TO_1,9226,2443,0,0
CAAGACCCCATGAGCT,TO_1,10032,2559,2,2
CAAGACGGACAACATC,TO_1,10268,2468,3,3
CAAGAGCGCAGTCAGT,TO_1,25177,4505,3,3
CAAGATTTACTGAACC,TO_1,8190,2064,1,1
CAAGCACCCCGAAACG,TO_1,8644,2453,3,3
CAAGCCAAAGTTCAAA,TO_1,11821,2688,5,5
CAAGCCACAACGAAAT,TO_1,8607,2028,0,0
CAAGCCCAAAGCCAGC,TO_1,10605,2604,4,4
CAAGCCGAATTAACCG,TO_1,13099,3021,4,4
CAATAAGAAGTGACCG,TO_1,8985,2555,1,1
CAATAAGTATAGCCTC,TO_1,8404,2177,5,5
CAATAATCAACTCAGT,TO_1,9770,2431,2,2
CAATAATCAGCAACGC,TO_1,15892,3116,3,3
CAATACCCAAAACAAG,TO_1,9273,2382,1,1
CAATATAAATGGAGAC,TO_1,12483,2918,5,5
CAATATCAACCGCCGG,TO_1,8601,2439,4,4
CAATATCGACGAAGAT,TO_1,7985,1910,2,2
CAATATGGAAGCCAGA,TO_1,6165,1694,0,0
CAATATTTCCCCCCCG,TO_1,8613,2017,0,0
CAATCAAGCACTACTG,TO_1,7349,2066,1,1
CAATCAGTCAAGAGAC,TO_1,7230,2184,0,0
CAATCCAAATAGATGT,TO_1,8837,2068,7,7
CAATCCGCAAACAGCG,TO_1,10934,2728,1,1
CAATCCGGCAAGCATC,TO_1,12252,2649,0,0
CAATCCTAATCCAGCG,TO_1,6646,2007,0,0
CACAAAGGAAGCCCTT,TO_1,13978,2913,6,6
CACAAAGGCCATAAGA,TO_1,7133,2192,4,4
CACAACCGAGAACCTT,TO_1,10058,2086,0,0
CACAAGACAGCCAAAT,TO_1,10722,2597,1,1
CACAAGCAAGCTACTT,TO_1,6635,1642,2,2
CACAAGTAAAATCCAT,TO_1,10215,2468,2,2
CACAATCGACCCAACG,TO_1,7966,1991,1,1
CACAATGTCCACATGG,TO_1,9769,2422,0,0
CACACACTATTCCCGT,TO_1,8896,2198,0,0
CACACAGCACCCCAGA,TO_1,9672,2389,1,1
CACACCAAAGTACCGA,TO_1,8118,2323,7,7
CACACCGCCAGACCTT,TO_1,7562,2231,3,3
CACACCGTAGGCCAGG,TO_1,11880,2608,2,2
CACCAAAGACGGATTT,TO_1,9929,2232,1,1
CACCAACAAACGAAAT,TO_1,10334,2480,1,1
CACCAAGTAGGAATGA,TO_1,9327,2210,2,2
CACCAATAACGTCAAC,TO_1,7931,2168,0,0
CACCAATTAAACAGCA,TO_1,12768,3028,4,4
CACCACAGATCTATCC,TO_1,9242,2444,6,6
CACCACCTCCGGAGAA,TO_1,8074,2178,5,5
CACCACGACACAAGTA,TO_1,8131,2404,1,1
CACCAGAGCAACATTT,TO_1,14506,2802,0,0
CACCAGCCACGTAGTC,TO_1,12210,4187,3,3
CACCAGGGACTTATTG,TO_1,9079,2724,3,3
CACCAGTAAATAACAG,TO_1,7844,2186,1,1
CACCATCGAAGTATTG,TO_1,12776,2663,0,0
CACCATGAACAGCATT,TO_1,6313,1717,0,0
CACCATGAATTCACAT,TO_1,14252,3249,2,2
CACCATGTATGAAACC,TO_1,11915,2429,0,0
CACCATTAATATCCCC,TO_1,9649,2400,5,5
CACCCCGGACCACATT,TO_1,15860,3156,1,1
CACCCCTCATACCCGT,TO_1,6563,1952,6,6
CACCCCTCCAACCCCT,TO_1,10741,2347,4,4
CACCCCTTAGCCCCAG,TO_1,12820,3123,6,6
CACGAAACAACGCCGC,TO_1,9698,2957,3,3
CACGAACCAAGAACTC,TO_1,19541,3184,2,2
CACGAACGCATTCCTG,TO_1,15483,3771,1,1
CACGAAGCAATCCATC,TO_1,8896,2502,2,2
CACGAGAGCCACAGTT,TO_1,9487,3116,1,1
CACGAGCTCCAAATAG,TO_1,15469,3844,7,7
CACGATAAATCGCAGT,TO_1,8883,2296,0,0
CACGATACACTTATAG,TO_1,12597,3003,4,4
CACGATGTACGCATCC,TO_1,15399,3108,7,7
CACGATGTCAATAAAT,TO_1,12128,2783,3,3
CACGCAACAGAGCAAG,TO_1,15789,3081,0,0
CACGCACACAGGAAGC,TO_1,6950,1817,0,0
CACGCAGAAGTACATA,TO_1,7903,2032,5,5
CACGCATAACTGCAGG,TO_1,12488,3801,6,6
CACGCATCATATAGGT,TO_1,13133,2849,4,4
CACGCCAAACTGCCCA,TO_1,7396,2146,6,6
CACGCCTACCAGACAG,TO_1,15922,3324,4,4
CACGCCTGAGCAAAGG,TO_1,6410,1923,0,0
CACTAACTAGCCAAGC,TO_1,8597,2524,7,7
CACTAATGATCTCCTA,TO_1,8087,2143,5,5
CACTACAGAGCGCCAC,TO_1,14588,2978,5,5
CACTACATAAAGCCGT,TO_1,6044,1706,0,0
CACTACGTAGGGCCGA,TO_1,7348,2192,3,3
CACTACTAAAAGAAAA,TO_1,9619,2361,0,0
CACTAGAGACTAAATT,TO_1,7081,2086,6,6
CACTATGGAGGAAGCT,TO_1,11177,2540,2,2
CACTATTAATCCCAAC,TO_1,7576,2039,1,1
CACTATTGAGTAATCG,TO_1,11187,2649,5,5
CACTCAAGCAAAAGTT,TO_1,9363,2256,2,2
CACTCCCAAAACCACG,TO_1,11582,2750,2,2
CACTCCCGCATAAAAC,TO_1,11848,3234,4,4
CACTCCGAACAGAGAT,TO_1,6835,1801,5,5
CACTCCGTAGTACATT,TO_1,8297,2471,5,5
CACTCCTCATCCCAGT,TO_1,6982,1873,5,5
CACTCCTGATCTCCCC,TO_1,12742,2666,7,7
CAGAAAATATGCCCCT,TO_1,6872,2420,6,6
CAGAACGACCTAAACA,TO_1,6485,2017,5,5
CAGAAGCAACCGCATA,TO_1,13011,3500,1,1
CAGAAGCCAAGGCAGC,TO_1,6990,1822,5,5
CAGAAGCCACTGACCA,TO_1,7197,1998,2,2
CAGAAGCGATTGCCGT,TO_1,6309,1763,0,0
CAGAAGCGCCCCATCG,TO_1,6303,1888,3,3
CAGAAGGCAGCGAAAG,TO_1,6642,1910,0,0
CAGAAGTCAATCACAA,TO_1,9357,2236,3,3
CAGAAGTTACTTCAAT,TO_1,10168,2535,1,1
CAGAATACCCATACCG,TO_1,7494,2214,3,3
CAGAATAGAGGCAGAT,TO_1,9515,2388,0,0
CAGAATGAAGCAAACA,TO_1,6651,1914,5,5
CAGAATTCACGACCTT,TO_1,10817,2516,1,1
CAGACACCCCTTCCTG,TO_1,7404,2107,3,3
CAGACATCAACAACTA,TO_1,11009,3127,4,4
CAGCAAATAAACCAGC,TO_1,8268,2184,5,5
CAGCAACAAACGCCGC,TO_1,10095,2659,7,7
CAGCAACCAATGCACA,TO_1,10969,2696,6,6
CAGCAACCACTAATTA,TO_1,12082,2691,2,2
CAGCAACCCCAACAGG,TO_1,7557,2008,2,2
CAGCAACTCCATCCAG,TO_1,8929,2196,1,1
CAGCAAGCACAGACAA,TO_1,6756,1866,1,1
CAGCAAGTCAAACCGT,TO_1,11028,2486,2,2
CAGCAATACAGTAGCA,TO_1,14471,2948,0,0
CAGCAATCAACGAGAT,TO_1,7028,1863,2,2
CAGCACAGACCCAAGG,TO_1,9995,2401,0,0
CAGCACGACAGCAAAC,TO_1,8099,2268,1,1
CAGCAGATAGTCAATG,TO_1,11163,2435,2,2
CAGCAGATCACGAACG,TO_1,8519,2353,2,2
CAGCAGGCACTCATGA,TO_1,6601,1903,5,5
CAGCAGGCCCCCAATC,TO_1,17115,3679,6,6
CAGCAGTCAAATAAGT,TO_1,6885,1682,5,5
CAGCATATAATGACGT,TO_1,9230,2637,7,7
CAGCATCACCCCACTG,TO_1,15328,3308,2,2
CAGCATCCCCGAAACG,TO_1,8165,2364,5,5
CAGCATCTCACTATAC,TO_1,7597,1911,5,5
CAGCATCTCCTGACCA,TO_1,8800,2414,1,1
CAGCCACTACAAACTG,TO_1,7582,2031,1,1
CAGCCAGCATTTAGTT,TO_1,11409,2821,6,6
CAGCCATGCCAAACTA,TO_1,10170,2340,4,4
CAGCCCACAACCAACC,TO_1,18671,3243,0,0
CAGCCCCCCCTGCCCT,TO_1,8886,2100,0,0
CAGCCCGGCCACAACC,TO_1,13536,3638,1,1
CAGCCCGTACTTCAAC,TO_1,7474,2239,0,0
CAGGAATCAAGGCACG,TO_1,7177,2080,6,6
CAGGACACCCGGAATG,TO_1,6797,2094,2,2
CAGGACAGATACAACT,TO_1,7792,1987,2,2
CAGGACCAACATCAGA,TO_1,6962,1868,0,0
CAGGACCAACGGACGG,TO_1,6982,2041,0,0
CAGGACGTCATCATGT,TO_1,6448,2015,5,5
CAGGAGAGAGGCCACA,TO_1,9628,2475,5,5
CAGGAGATATTCCACA,TO_1,8527,2241,6,6
CAGGAGGTACCAACTC,TO_1,13404,2993,2,2
CAGGAGTAAATGATGC,TO_1,7252,1988,2,2
CAGGATCCCCTGACAA,TO_1,6648,1923,5,5
CAGGATCGAAGTAGGG,TO_1,12610,3172,3,3
CAGGATGAACCAAGCT,TO_1,8039,1874,0,0
CAGGATGTCAGTAGCG,TO_1,8289,2292,1,1
CAGGCACTCCCCCAGG,TO_1,6411,2010,7,7
CAGGCAGTATTCACAC,TO_1,10315,2730,4,4
CAGGCCCAAATTAAAC,TO_1,8237,2315,0,0
CAGGCCTAACCCAGCT,TO_1,9338,2514,7,7
CAGTAAAGCCGCACCC,TO_1,7876,1949,7,7
CAGTAACTAAAGAGAA,TO_1,11134,3201,6,6
CAGTAATACAGACCGC,TO_1,7614,2332,6,6
CAGTACCTAACGACCA,TO_1,11606,2848,4,4
CAGTAGAAAAAAACTA,TO_1,10964,2713,1,1
CAGTAGCACCGAAACT,TO_1,33894,5028,6,6
CAGTATAACCCGAGCA,TO_1,13715,3753,6,6
CAGTATCACCATATTC,TO_1,10739,2793,5,5
CAGTATGAACCTACTA,TO_1,10904,2369,0,0
CAGTATGGAGAGCAGG,TO_1,12023,3040,7,7
CAGTATGTAGTCCCCT,TO_1,15432,3029,6,6
CAGTCAGAAGTTAAGA,TO_1,9374,2623,4,4
CAGTCCATCCGCCACG,TO_1,9370,2250,0,0
CATAAACGCAGTAGAG,TO_1,13512,3503,5,5
CATAAACTACTTAAAA,TO_1,9855,2542,2,2
CATAAAGAAATCCATG,TO_1,12808,3334,5,5
CATAAAGCAGGAAAAA,TO_1,7011,1789,5,5
CATAACAAACAAACCT,TO_1,7176,1788,7,7
CATAACATAGCTCAGA,TO_1,7645,2185,2,2
CATAACCAACGAACAG,TO_1,16656,3142,4,4
CATAACGCACCGAAAA,TO_1,12626,3025,6,6
CATAACGGCAGGCCAT,TO_1,20718,4073,2,2
CATAAGCACCCGAAGT,TO_1,12451,2615,0,0
CATAAGCCCCGGACCG,TO_1,13272,2923,3,3
CATAAGCTATTTAAGA,TO_1,13083,2997,4,4
CATAAGGAACTTAATA,TO_1,9346,2545,5,5
CATAAGGAAGACACCT,TO_1,15558,3666,5,5
CATAAGGGAATACACC,TO_1,16453,3140,4,4
CATAAGTAAACAATTG,TO_1,8053,2188,1,1
CATAAGTTCAATAAGT,TO_1,10451,2821,6,6
CATAATCGCATTCAAC,TO_1,11013,2801,1,1
CATAATCTCCCTACTC,TO_1,8895,2438,2,2
CATAATTGAGAAACGG,TO_1,9549,2214,2,2
CATAATTTACGCAACT,TO_1,10087,3407,3,3
CATACAGGAATCCCAA,TO_1,11064,2979,1,1
CATACAGGCCAAAGCG,TO_1,13580,3083,2,2
CATACCCAAAACCCTC,TO_1,12468,2793,4,4
CATACCTGATCCCCTA,TO_1,13916,3758,3,3
CATCAAGGACAAAGAC,TO_1,20996,3917,1,1
CATCAAGTAAAAAAGG,TO_1,8911,2531,4,4
CATCACAACCGCAACC,TO_1,7107,1822,5,5
CATCAGGTACCTCAGC,TO_1,12131,2618,2,2
CATCAGGTCAGAACTT,TO_1,19380,3791,3,3
CATCATCCAACTCCGA,TO_1,16790,3382,5,5
CATCATCGATTTAAGA,TO_1,10351,3049,3,3
CATCATGGCATCCAGG,TO_1,12773,3109,4,4
CATCATTTACCCACAA,TO_1,7685,2023,5,5
CATCCATAAATGACAT,TO_1,14785,3415,5,5
CATCCCGAAAATAGTG,TO_1,10556,2870,4,4
CATGAAACATCGAGTG,TO_1,14312,3479,3,3
CATGAACAATGTACCG,TO_1,12392,2328,2,2
CATGAACCCCGTAGAA,TO_1,14762,3291,5,5
CATGAATAACAGAATT,TO_1,7488,1936,1,1
CATGAATTACTGATTC,TO_1,7370,2026,4,4
CATGAATTCACCAACA,TO_1,11156,2515,2,2
CATGACAGACCTAATG,TO_1,7015,1929,0,0
CATGACTAACCAAGCA,TO_1,8832,2342,2,2
CATGAGACATAGCCAG,TO_1,9077,2456,5,5
CATGAGAGCATTCATA,TO_1,8376,2325,5,5
CATGAGCGAATGCATC,TO_1,8781,2260,2,2
CATGAGCTCAGCCCCA,TO_1,9550,2162,2,2
CATGATACACTCAAGG,TO_1,18356,3204,4,4
CATGATCCAGCCCACT,TO_1,16874,3357,1,1
CATGATGCAGCTAGAT,TO_1,9009,2412,3,3
CATGATGTACCTATGG,TO_1,10454,2411,4,4
CATGCACTAGTAAAGA,TO_1,6875,1872,0,0
CATGCAGGAACACCTC,TO_1,6921,2093,1,1
CATGCAGGAGTCAAGG,TO_1,13857,3150,4,4
CATGCATCAAATATCC,TO_1,6417,1988,1,1
CATGCATGCATAAGCC,TO_1,6925,1878,0,0
CATGCCACCCCGAACC,TO_1,8199,2196,1,1
CATGCCCACAGTACAC,TO_1,10491,2558,5,5
CATGCCCCCAGTAGCT,TO_1,7084,2368,3,3
CATGCCGCATTGATAA,TO_1,7959,2295,2,2
CATGCCGGACCTAGCA,TO_1,7930,1992,0,0
CATGCCGGAGCCATTT,TO_1,34067,5350,3,3
CATGCCTACACGCATT,TO_1,10424,2699,2,2
CATGCCTCAGGTAAAA,TO_1,7377,2178,1,1
CATGCCTGAGAGACTT,TO_1,8501,2223,0,0
CATTAAAGACTAAGGC,TO_1,7638,2128,3,3
CATTAAGCACGTAGCC,TO_1,16493,3488,3,3
CATTAATAACGCAAGG,TO_1,10621,2454,0,0
CATTAATCAAGTAGTT,TO_1,7465,2067,1,1
CATTAATCAGCGAAAT,TO_1,9002,2110,0,0
CATTAATCCATAATAC,TO_1,13282,2938,3,3
CATTACAAAGCTAAGG,TO_1,12601,3157,6,6
CATTACACAGTACAGG,TO_1,30208,4257,6,6
CATTACGTCCCGCCCC,TO_1,8763,2360,1,1
CATTACTCCCCCAAGC,TO_1,23386,4208,1,1
CATTAGCTATAACAAC,TO_1,13919,3126,0,0
CATTAGCTCAAGAGCA,TO_1,9298,2147,0,0
CATTAGGAACTAAATC,TO_1,7371,2438,4,4
CATTAGGGCAATCCCG,TO_1,9897,2510,0,0
CATTAGTCATTAATTA,TO_1,10662,2391,4,4
CATTATGTACTACCTT,TO_1,6281,1796,2,2
CATTATTCAAAGAATA,TO_1,8761,2438,2,2
CATTATTCATTACCTG,TO_1,15431,3460,4,4
CATTATTCCATGACCC,TO_1,11492,2920,5,5
CATTCACTAAGTCAGG,TO_1,14226,3567,3,3
CATTCAGAAGAGCCTT,TO_1,7344,1740,1,1
CATTCCACACAAACCG,TO_1,11880,2571,0,0
CATTCCAGAGGAAAGC,TO_1,21849,3872,3,3
CATTCCCACCGTATAT,TO_1,13331,2950,2,2
CATTCCCGAGCCATCT,TO_1,8382,2167,1,1
CATTCCGCAGGCAACC,TO_1,9208,2472,1,1
CATTCCTTAACTAGTC,TO_1,6759,2279,1,1
CATTCCTTCCAGCCGT,TO_1,8917,2364,3,3
CCAAACACCAGGAGTG,TO_1,6291,1909,3,3
CCAAACCAATAGACCT,TO_1,11547,2688,7,7
CCAAACTGATACATTT,TO_1,7988,2079,4,4
CCAAAGAACCTTCCCA,TO_1,9960,2574,4,4
CCAAAGAGAGAGAAAA,TO_1,13300,2737,2,2
CCAAAGCGAACGAAGT,TO_1,17713,3362,6,6
CCAAAGGCAAACACCC,TO_1,11295,2478,6,6
CCAAAGTACAGCATGT,TO_1,11044,2764,0,0
CCAAATAAAAATAGTA,TO_1,7928,2292,5,5
CCAAATAGAGCACATC,TO_1,7413,2218,2,2
CCAAATGACATCCCGC,TO_1,11469,2746,2,2
CCAAATTACAAGAACA,TO_1,11212,2854,4,4
CCAAATTTAAGGACTA,TO_1,6953,1976,2,2
CCAACCAGCAATATGG,TO_1,9544,2317,3,3
CCAACCGGACCACCCA,TO_1,9971,2914,4,4
CCAACCGGATGGACCC,TO_1,10154,2503,2,2
CCAACCTTACCCACAG,TO_1,7952,2342,3,3
CCACAAGCAAAAAGCC,TO_1,10583,2811,4,4
CCACAAGCATGGAACC,TO_1,13407,3129,3,3
CCACAATTAAAAAATG,TO_1,6884,2110,4,4
CCACACCCAAGGACGG,TO_1,9588,2591,1,1
CCACACCCAGCAAGGA,TO_1,11942,2968,1,1
CCACACTCATTTACCC,TO_1,11257,2591,3,3
CCACAGCCATTGACTA,TO_1,22209,4083,3,3
CCACAGCGAACAACCT,TO_1,15910,3628,4,4
CCACAGTGACCCAACT,TO_1,10102,2476,7,7
CCACATGGCCGCAAAC,TO_1,11900,2553,5,5
CCACATTAAATGCCGG,TO_1,6391,2104,5,5
CCACATTCCCCGCAAT,TO_1,10010,2031,2,2
CCACATTGATTCATTG,TO_1,8887,2106,7,7
CCACCACAAAGAATCG,TO_1,12121,2961,4,4
CCACCAGCATCGAGCT,TO_1,25143,3838,2,2
CCACCAGGCCTTATCC,TO_1,13067,2737,5,5
CCACCATAAGCTCCCG,TO_1,6446,1805,6,6
CCACCATACCAAAGTT,TO_1,8515,2418,1,1
CCACCATCACACCCTT,TO_1,10893,2282,2,2
CCACCCACCACGACTG,TO_1,6816,1998,1,1
CCACCCATAATGACTC,TO_1,11264,2844,5,5
CCACCCGAAAGAACCC,TO_1,12590,3240,6,6
CCACCCGCACTGAGGA,TO_1,8367,2189,7,7
CCACCCGGAGGGACAT,TO_1,13240,2653,2,2
CCACCCTAATGACAAC,TO_1,7453,2077,2,2
CCACCCTACATGAAGG,TO_1,20505,3880,4,4
CCACCCTCACGACACC,TO_1,10970,2552,7,7
CCAGAAGCACTCATTC,TO_1,14900,3074,1,1
CCAGAATACACAACGT,TO_1,8321,2148,3,3
CCAGAATTATATACAC,TO_1,15545,3149,1,1
CCAGACAAAAACATTC,TO_1,7727,2177,0,0
CCAGACACACATACGC,TO_1,11749,2408,2,2
CCAGACATAATACAAC,TO_1,17352,3611,3,3
CCAGACGCCAAAAGCT,TO_1,9867,2149,1,1
CCAGACGTAATTATCT,TO_1,15794,3143,6,6
CCAGACGTAGCAATAT,TO_1,13884,2721,1,1
CCAGACTGAGTAATGA,TO_1,9181,2429,3,3
CCAGAGCAACGTCAGT,TO_1,10573,2647,3,3
CCAGAGGACCGCACGA,TO_1,11693,2516,2,2
CCAGAGGCATGGCCGT,TO_1,13411,2790,0,0
CCAGAGGGCCCCAGGA,TO_1,6899,1954,0,0
CCAGAGTAATCTAGCA,TO_1,11155,2903,4,4
CCAGATTAAAATAGAC,TO_1,10777,2748,6,6
CCAGCAAACCTGAGCT,TO_1,14244,3173,2,2
CCAGCAACACCCATGG,TO_1,14384,2989,0,0
CCAGCAAGAGCGACGG,TO_1,15388,3908,6,6
CCAGCACCCCAAATTG,TO_1,9539,2454,5,5
CCAGCATCACGTCCAT,TO_1,7353,2230,6,6
CCAGCCAAAGGGACTA,TO_1,12011,3622,3,3
CCAGCCCTACACACCG,TO_1,12412,2730,1,1
CCAGCCGTAATTACGT,TO_1,6107,2003,3,3
CCAGCCTAAAACATAG,TO_1,11676,3017,1,1
CCAGCCTAAACGACGT,TO_1,14926,3024,2,2
CCAGCCTTCAAGACTC,TO_1,16909,3224,7,7
CCATAAACAATACCGT,TO_1,26710,4555,6,6
CCATAACAACCACCGG,TO_1,6087,2067,7,7
CCATAACCACGACCCG,TO_1,8068,2255,5,5
CCATAACGACCGAATG,TO_1,6946,1719,0,0
CCATAAGGACAGATAG,TO_1,7484,1931,0,0
CCATAAGGAGGCCCCT,TO_1,14017,3334,4,4
CCATAATTACTCAAGT,TO_1,10777,2773,4,4
CCATACCTCACGAGAG,TO_1,13590,2959,0,0
CCATACCTCCCTATAG,TO_1,9006,3122,1,1
CCATACGAACCGAGGA,TO_1,7862,1988,0,0
CCATACGGAAGAACGA,TO_1,12595,2910,2,2
CCATACTAAGGAAAAT,TO_1,8773,1954,0,0
CCATAGACCCATCCTA,TO_1,7546,2054,6,6
CCATAGACCCTTCCAG,TO_1,6824,2739,3,3
CCATAGCTAATGCATA,TO_1,6901,2114,2,2
CCATATAGATTCCCTC,TO_1,9276,2168,0,0
CCATATTCCCCCATGA,TO_1,20926,3519,3,3
CCATCAGTACAAAACG,TO_1,7066,1919,3,3
CCATCATAACCTATAG,TO_1,17019,4075,3,3
CCATCATACAGCACTT,TO_1,14594,3494,4,4
CCATCCCGCCCGCATG,TO_1,10564,2582,3,3
CCATCCGTAATAATTC,TO_1,9812,2428,3,3
CCATCCGTACTAAGAT,TO_1,9292,2475,4,4
CCATCCTCATGTCCAC,TO_1,9770,2556,0,0
CCCAAAAGCAAGCATT,TO_1,8166,2323,2,2
CCCAAACCACAGAAGG,TO_1,9729,2339,2,2
CCCAAACGAGACAGTG,TO_1,7204,2105,3,3
CCCAAACTATGCACCA,TO_1,7966,2409,1,1
CCCAAAGCAAATAAAC,TO_1,8670,2224,2,2
CCCAAAGTACGGCCCA,TO_1,7645,2053,1,1
CCCAAAGTAGGTCCAG,TO_1,9595,2592,6,6
CCCAACACCACAATAC,TO_1,6243,2054,7,7
CCCAACCACACGCACA,TO_1,11247,3229,3,3
CCCAACCGACAACCGG,TO_1,12662,3072,1,1
CCCAACCTCACAATGT,TO_1,9321,2344,1,1
CCCAAGTAAATTCACC,TO_1,14497,3052,5,5
CCCAATGAACGACCAG,TO_1,9692,2190,2,2
CCCAATTGAATCAAAA,TO_1,7615,1947,2,2
CCCAATTGAGTGCCTA,TO_1,8064,2380,2,2
CCCAATTTAGTACACC,TO_1,8048,2423,3,3
CCCACAACAAAGAGCA,TO_1,8581,2410,4,4
CCCACACAAACTATGA,TO_1,6625,1863,7,7
CCCACACTCAGTCCGC,TO_1,6505,1861,5,5
CCCACAGGACTACCTT,TO_1,6940,2122,3,3
CCCACCCTAAGACCCA,TO_1,9224,2570,1,1
CCCACCGGCCTTATGG,TO_1,8375,2040,5,5
CCCACCGTAAATAGCT,TO_1,8472,2258,3,3
CCCACCTAACAAACCC,TO_1,10021,2810,6,6
CCCCAAGAATCAACGC,TO_1,7281,2301,2,2
CCCCACAGATCAAGAG,TO_1,7493,2068,5,5
CCCCACTCACCCATTA,TO_1,10208,2403,0,0
CCCCAGACATCTAATC,TO_1,7253,2036,3,3
CCCCAGGTAAATAAGA,TO_1,14103,2852,2,2
CCCCATCACCGCCCAC,TO_1,7193,2061,0,0
CCCCATCCAAATACAC,TO_1,9652,2193,0,0
CCCCATCTATAGCCAA,TO_1,6997,2224,6,6
CCCCCACGATTTAAAC,TO_1,9778,2202,4,4
CCCCCAGCACCAAAGC,TO_1,6854,1860,0,0
CCCCCAGCACGAAACA,TO_1,8013,1961,5,5
CCCCCATACCGCCCTA,TO_1,6815,1848,1,1
CCCCCATCCACAACGT,TO_1,6055,1730,1,1
CCCCCCATATGTCCTG,TO_1,8342,2382,4,4
CCCCCCCGCACCCCCT,TO_1,7442,2009,7,7
CCCCCCGGCCTCCATG,TO_1,12208,2899,4,4
CCCGAAAAAGGAAGCG,TO_1,7751,2208,7,7
CCCGAAACACCACATG,TO_1,6122,1907,3,3
CCCGAAACACCTATAC,TO_1,8999,2297,0,0
CCCGAAGTATCGACGA,TO_1,11407,2755,7,7
CCCGACAGATACAGGG,TO_1,8535,2726,7,7
CCCGACCACATCATAC,TO_1,8499,2022,0,0
CCCGACTAAAGGAGGT,TO_1,10683,2393,0,0
CCCGAGAGCCGCCACC,TO_1,8817,2502,6,6
CCCGAGCCAACGAAGG,TO_1,7014,2182,5,5
CCCGAGTGAACTCCGC,TO_1,8607,2309,5,5
CCCGAGTTACCTACTA,TO_1,10441,2425,4,4
CCCGATCGCCTTCCGT,TO_1,16251,4199,3,3
CCCGCAATCAGCACGG,TO_1,8675,2294,2,2
CCCGCAGCCCATCCGC,TO_1,11338,2525,2,2
CCCGCAGCCCTCAGTG,TO_1,8671,2200,3,3
CCCGCAGTAAGTCCTT,TO_1,9318,2538,1,1
CCCGCATCAAATCAAT,TO_1,11418,2913,6,6
CCCGCCCACAGTATAC,TO_1,8065,2132,1,1
CCCGCCCTATTTACTG,TO_1,24382,4090,4,4
CCCGCCGTAGTCCAAC,TO_1,7791,2811,3,3
CCCGCCTTCATAAGGT,TO_1,6317,2110,1,1
CCCTAAAAAACACCAG,TO_1,7306,2196,2,2
CCCTAACCCACACCAC,TO_1,8703,2086,5,5
CCCTAAGGACCGACAG,TO_1,6352,1934,5,5
CCCTAATACACACACA,TO_1,14181,3641,5,5
CCCTAATGAAACATTA,TO_1,8729,2594,5,5
CCCTAATGAGGGAGAA,TO_1,13099,2987,1,1
CCCTACAACCGAAGTG,TO_1,8492,2253,4,4
CCCTACAGAGACACTG,TO_1,7680,1930,0,0
CCCTACCGAGTAATAA,TO_1,13455,2411,0,0
CCCTACCGCACGAGCA,TO_1,11162,2600,2,2
CCCTAGAGACTTCCCT,TO_1,11856,2886,4,4
CCCTATTCATTTCCGC,TO_1,9095,2600,4,4
CCCTATTTACCAACCA,TO_1,7469,1938,1,1
CCCTCAGTCCAGCAGA,TO_1,7792,2184,7,7
CCCTCCATACTAAGGC,TO_1,9042,2299,3,3
CCCTCCGAACGAAACC,TO_1,9141,2529,2,2
CCCTCCGCATGACAGA,TO_1,11807,3015,4,4
CCCTCCGGATGACCTG,TO_1,6148,1748,0,0
CCCTCCGTAAGTAGGG,TO_1,8035,1949,0,0
CCCTCCTACCAAATCT,TO_1,7429,1919,2,2
CCCTCCTCATGCCCCC,TO_1,7697,2359,5,5
CCCTCCTCATTTAAAT,TO_1,10713,2784,4,4
CCCTCCTGACACACGA,TO_1,7303,1835,2,2
CCGAAAACAACGAATG,TO_1,12638,2428,5,5
CCGAAAACCACACCAG,TO_1,10009,2263,0,0
CCGAAACTAACTCAAT,TO_1,11164,2480,4,4
CCGAAAGTAAGTATAG,TO_1,6961,2083,2,2
CCGAAATGCCCCACTA,TO_1,7457,2273,6,6
CCGAACCCCCGCACTT,TO_1,9458,2248,0,0
CCGAACCTAATCATTA,TO_1,10652,2976,6,6
CCGAACCTAGTCCCGT,TO_1,8330,2777,1,1
CCGAACGGAACCAAGC,TO_1,10166,2305,4,4
CCGAACTTACCCATAG,TO_1,10811,2867,3,3
CCGAAGAACATGCACA,TO_1,10694,2442,4,4
CCGAAGCTCAGTCATA,TO_1,6572,1816,0,0
CCGAAGTAATGTCCGC,TO_1,9256,2508,0,0
CCGAAGTTCCCCACTC,TO_1,11658,2630,2,2
CCGAATCGACAAACCT,TO_1,6359,1807,0,0
CCGACACAATCGAAAG,TO_1,11759,2856,6,6
CCGACACCAGCGAAAA,TO_1,8656,2221,4,4
CCGACAGGCCTACCTA,TO_1,6312,1929,0,0
CCGACCTTCATCACTA,TO_1,6934,2053,3,3
CCGCAAACAGGGATAG,TO_1,8428,1943,5,5
CCGCAAAGATTCAGCA,TO_1,14763,2567,2,2
CCGCAAATATGAACTA,TO_1,13130,2991,6,6
CCGCAACAATGCCAGT,TO_1,9473,2193,0,0
CCGCAACACCAAACCG,TO_1,12817,2760,0,0
CCGCAAGACACAAATA,TO_1,8399,2167,3,3
CCGCAAGCCCCGCAGT,TO_1,10203,2386,0,0
CCGCAAGTCCTGCAAA,TO_1,21409,3800,4,4
CCGCACAGAATACCGC,TO_1,8533,2255,5,5
CCGCACAGACGTAAGA,TO_1,18700,3432,0,0
CCGCACCCCAGACATT,TO_1,7528,1948,0,0
CCGCACTACCGAAATA,TO_1,10927,2728,0,0
CCGCAGCTATCGCAAA,TO_1,12074,2885,3,3
CCGCAGGCACGTAAAG,TO_1,9573,2296,5,5
CCGCAGTAACTCCAAT,TO_1,6959,2247,3,3
CCGCAGTCATTTAAGA,TO_1,18643,4177,4,4
CCGCATACAAAGAGAG,TO_1,6671,1947,2,2
CCGCATACAAGTCATA,TO_1,7956,2130,5,5
CCGCATATACCCATTC,TO_1,9787,2436,5,5
CCGCATCCAGACAAGC,TO_1,11527,2611,1,1
CCGCATTAAACACACA,TO_1,6911,1862,2,2
CCGCATTGCCCTACCG,TO_1,16679,3385,3,3
CCGCCATTCATTCACG,TO_1,10679,2437,5,5
CCGCCCACAAGACCGA,TO_1,8332,2001,0,0
CCGCCCCCCATAACAA,TO_1,13486,3210,5,5
CCGGAACGCCTCAGCA,TO_1,7649,2200,3,3
CCGGAACTATATCCTC,TO_1,7544,1854,5,5
CCGGAAGGAGTGAAAC,TO_1,6553,2066,4,4
CCGGAAGTCACGATGT,TO_1,10073,2297,7,7
CCGGAATGCCTCAAGA,TO_1,9274,2745,4,4
CCGGACCCATAGCCTG,TO_1,10155,2792,3,3
CCGGACGTATACACTG,TO_1,10754,2819,4,4
CCGGACTCACGACATC,TO_1,6294,1933,3,3
CCGGACTTCAAGACAG,TO_1,9042,2196,0,0
CCGGAGAGCCCTCATA,TO_1,7757,2189,4,4
CCGGAGCTAATGCAGC,TO_1,9659,2480,4,4
CCGGAGGGCCGGAGAG,TO_1,12216,2895,7,7
CCGGATACACTACAAA,TO_1,10070,2619,0,0
CCGGATCAAGTTCATC,TO_1,10969,2896,1,1
CCGGATCGCAGAACGG,TO_1,22268,4078,0,0
CCGGCCATATTGCAGG,TO_1,10390,2651,3,3
CCGGCCCAAATCACAT,TO_1,7161,2452,1,1
CCGGCCGTACACATTC,TO_1,6509,1979,6,6
CCGTAAACCAGCATAC,TO_1,10547,2413,5,5
CCGTAAAGAATTACAG,TO_1,15429,3571,3,3
CCGTAACACCCACCTA,TO_1,8182,1913,5,5
CCGTAACGATACCCAT,TO_1,6754,2105,5,5
CCGTAACTAACGCACA,TO_1,11496,3193,4,4
CCGTAACTCCGGAGGG,TO_1,15549,3288,2,2
CCGTAAGTAACCACCG,TO_1,6553,1826,1,1
CCGTAATTAAACAGAT,TO_1,10328,2653,7,7
CCGTAATTAACCACTC,TO_1,12237,2843,0,0
CCGTAATTCCCAATAT,TO_1,10317,2508,5,5
CCGTACAAAGGAAAGT,TO_1,7707,1882,0,0
CCGTACATATGGAGGT,TO_1,12314,2531,2,2
CCGTACCCACGTATCG,TO_1,12490,2941,1,1
CCGTACGGCCCACCAC,TO_1,7000,2087,5,5
CCGTACGTCCGACACA,TO_1,7145,2310,4,4
CCGTACTCAATCCACA,TO_1,7788,2193,5,5
CCGTAGAGAACTCCGA,TO_1,12248,2663,2,2
CCGTAGATAAGCATTC,TO_1,10433,2910,4,4
CCGTAGCCACCAACCT,TO_1,8892,2472,4,4
CCGTAGCGCCCCCAGG,TO_1,7140,1951,4,4
CCGTAGTCCCGCAACA,TO_1,11672,2997,2,2
CCGTAGTTATAGCACT,TO_1,6150,1789,2,2
CCGTATAAACCGCAAT,TO_1,7308,1645,0,0
CCGTATCGAGTTAAGC,TO_1,7147,2000,4,4
CCGTATCGCAGTCCAT,TO_1,18862,3400,2,2
CCGTATCGCCGCAAGA,TO_1,8621,2313,0,0
CCGTATTGCCCTAGAA,TO_1,10385,3049,3,3
CCGTCACGACTCAATT,TO_1,8560,2384,1,1
CCGTCAGCAAAAATGG,TO_1,9022,2313,1,1
CCGTCAGGACGGAACG,TO_1,9376,2328,0,0
CCGTCAGTAGAACCAT,TO_1,6216,1868,7,7
CCGTCCACCAGCCCGC,TO_1,6443,1760,5,5
CCGTCCTACCAAATCT,TO_1,12405,3546,4,4
CCTAAAACCAGGCCCG,TO_1,6180,1730,6,6
CCTAAACACAGTAAGA,TO_1,6602,1819,1,1
CCTAAATAACATAATT,TO_1,10220,2487,6,6
CCTAAGAACAGTAGGG,TO_1,6372,1863,1,1
CCTAAGGCATGGATGC,TO_1,7266,2067,2,2
CCTAAGGTAGGAACCT,TO_1,12322,2927,3,3
CCTAAGTACATACCGG,TO_1,10675,2723,1,1
CCTAATCCATTTATTA,TO_1,11644,2623,1,1
CCTAATGAATCTATTG,TO_1,10743,2576,0,0
CCTAATGCACTCAAGC,TO_1,6894,2205,3,3
CCTAATTAAAAAACCG,TO_1,8261,1931,0,0
CCTACAACAGATAATT,TO_1,9628,2460,3,3
CCTACAAGCCTACATT,TO_1,9484,2751,3,3
CCTACAATCCAGCAGA,TO_1,6690,1694,0,0
CCTACACCCCCAAAGT,TO_1,10236,2812,3,3
CCTACAGAAGAAAAGT,TO_1,22423,4399,4,4
CCTACAGCCAGAAGTG,TO_1,8365,2135,3,3
CCTACAGGAACACCGC,TO_1,10599,2543,5,5
CCTACATCATAAATCG,TO_1,13065,2960,5,5
CCTACCACAGTTCCAT,TO_1,13103,2726,2,2
CCTACCATCCGGAAAG,TO_1,11039,2682,3,3
CCTACCCCAGTTAGCC,TO_1,26276,4643,6,6
CCTACCTCAAAGAGCG,TO_1,17215,3290,2,2
CCTACCTGAGAGATGC,TO_1,6482,1691,0,0
CCTACCTGCATCAAGG,TO_1,7040,2043,1,1
CCTACCTTCATACAAC,TO_1,22593,4371,1,1
CCTCAAAGAGATCCGA,TO_1,7438,2240,3,3
CCTCAAAGATATCATG,TO_1,7014,2184,3,3
CCTCAACTACTTAAGC,TO_1,8183,2172,3,3
CCTCAACTCCCACAGT,TO_1,9966,2532,4,4
CCTCAAGACCTTCAAG,TO_1,8376,2430,5,5
CCTCACCACCACCAAC,TO_1,13889,3075,1,1
CCTCACTAATCGCCAT,TO_1,7330,1990,0,0
CCTCACTCACTAAGTA,TO_1,7307,2038,1,1
CCTCAGAAAACGCCTC,TO_1,10784,2707,3,3
CCTCAGAGCCGAACTC,TO_1,7462,2305,1,1
CCTCAGCAAGTCAACT,TO_1,8076,2232,0,0
CCTCAGCAATCAATCT,TO_1,10882,2553,5,5
CCTCAGCCACTAAATT,TO_1,10077,2821,1,1
CCTCAGGTATGACCAG,TO_1,14762,3298,5,5
CCTCATAAAGCCCCGC,TO_1,10178,2523,7,7
CCTCATAACAGGCCGC,TO_1,6124,1806,7,7
CCTCATACATACACAG,TO_1,8577,2018,0,0
CCTCATGACAGCAGCT,TO_1,14352,3906,4,4
CCTCATGACATGCAGC,TO_1,8859,2395,3,3
CCTCATTCAAACACAA,TO_1,6407,2059,6,6
CCTCATTCAATGATTG,TO_1,10629,2854,3,3
CCTCCAGTAAGACAGA,TO_1,14485,3006,5,5
CCTCCATTAATCACTT,TO_1,6978,1934,6,6
CCTCCCCTAAGGCCTT,TO_1,6082,1910,1,1
CCTCCCGGCAGTCCGC,TO_1,7108,1862,4,4
CCTCCCTGATCTATCG,TO_1,9121,2471,3,3
CCTCCCTGATGGATTA,TO_1,9604,2680,1,1
CCTCCCTTATTCCAGT,TO_1,10917,2843,4,4
CCTGAAAGAACCAAGC,TO_1,7837,1973,1,1
CCTGAACCAGCGACTT,TO_1,7287,2293,2,2
CCTGAACGAACAATCA,TO_1,9409,2238,0,0
CCTGAACTAAAAATGT,TO_1,6942,1874,1,1
CCTGAAGAACCGATGC,TO_1,8879,2159,1,1
CCTGAAGCCCCTCAGA,TO_1,8016,2152,4,4
CCTGAATCAGACATCT,TO_1,13037,3056,4,4
CCTGACAGCACCAAGC,TO_1,7487,1828,0,0
CCTGACAGCCCCAGTA,TO_1,6328,1908,2,2
CCTGACCACAGACATC,TO_1,9824,2223,2,2
CCTGACCTCCTTCATT,TO_1,9585,2350,1,1
CCTGACGAAGAAACCT,TO_1,6514,2077,5,5
CCTGACGGCATCATAT,TO_1,9269,2490,7,7
CCTGACTCACGCAAGT,TO_1,6087,1868,4,4
CCTGACTGAAATCCGG,TO_1,7819,2126,3,3
CCTGACTGCCTAACCC,TO_1,15745,3359,3,3
CCTGAGGTAAGTCAAG,TO_1,7988,2357,4,4
CCTGAGTCAGCCCCAG,TO_1,10043,2701,1,1
CCTGAGTCCCAGAACA,TO_1,9827,2647,3,3
CCTGAGTGCACCACAC,TO_1,12261,2900,1,1
CCTGATAAAGGTCCGT,TO_1,6166,1714,1,1
CCTGATACCAGTACTC,TO_1,8358,2012,2,2
CCTGATAGCCCCCCTC,TO_1,7669,2081,6,6
CCTGATATCCTTAAAA,TO_1,8278,2189,1,1
CCTGCACCACAAAAGC,TO_1,6477,2096,1,1
CCTGCACGCCCCAGGG,TO_1,11729,2899,2,2
CCTGCAGCCAACATAA,TO_1,8405,1988,0,0
CCTGCCACAATTAGGA,TO_1,12504,2833,4,4
CCTGCCACCCTTCCAT,TO_1,8586,2487,5,5
CCTGCCCAACCACATT,TO_1,13157,2730,1,1
CCTGCCGACAACCCTA,TO_1,9054,2549,2,2
CCTGCCGTAAGCAACG,TO_1,9875,2640,1,1
CCTGCCTACAGGCACC,TO_1,9742,2576,3,3
CCTGCCTGATCCAACT,TO_1,8862,2404,1,1
CCTTAAATAATAATGT,TO_1,10757,2384,5,5
CCTTAAATCCGCAGCC,TO_1,8555,2337,7,7
CCTTAACAAAATCAAC,TO_1,9717,2583,4,4
CCTTAACGCAGAACTT,TO_1,10332,2525,2,2
CCTTAAGGACAAACGA,TO_1,6849,2017,6,6
CCTTAATGAGCGAAGG,TO_1,8609,2257,4,4
CCTTAATGCCAGCCCG,TO_1,11532,2652,1,1
CCTTACAAACGGCATT,TO_1,9504,2646,3,3
CCTTACACCCCGCAGG,TO_1,9638,2517,3,3
CCTTACCCAGCCACCA,TO_1,10579,2514,6,6
CCTTACTACAGGACGC,TO_1,6947,2185,1,1
CCTTAGGAAGCTAAGC,TO_1,17474,3547,7,7
CCTTAGGGAGGCAATC,TO_1,10095,2699,3,3
CCTTATAGATGAAAAA,TO_1,6839,1996,1,1
CCTTATCAAGGGATGG,TO_1,8976,2301,1,1
CCTTATCGCATTAATA,TO_1,12667,3051,2,2
CCTTATCTATCTACCC,TO_1,10191,2516,1,1
CCTTATGCCCGTAATA,TO_1,8058,1970,2,2
CCTTATGTAGAAACGT,TO_1,8333,2078,7,7
CCTTATGTATGCAAGC,TO_1,9370,2287,5,5
CCTTCACTAGCCACAT,TO_1,10656,2512,0,0
CCTTCATCACAGCACA,TO_1,6913,1884,7,7
CCTTCCATAACGACCT,TO_1,11833,2646,1,1
CCTTCCGAACGCATAA,TO_1,8663,2463,3,3
CCTTCCGCAAAGATGG,TO_1,7634,2540,5,5
CCTTCCGGACGAACAT,TO_1,8269,1925,1,1
CCTTCCTAATCTATTC,TO_1,19272,3754,6,6